community,count,location
月浦,16,"121.426980,31.411374"
锦辉绿园,2,"121.453199,31.326874"
安达路,1,"121.495728,31.363623"
安家路,3,"121.426641,31.410029"
安家路165弄,1,"121.425626,31.409903"
安顺路240弄,1,"121.414911,31.200798"
安亭镇泽普路318弄,1,"121.162701,31.293864"
安晓路,1,"121.236329,31.313379"
安新村,2,"121.291325,31.441592"
庆安苑二村,5,"121.434905,31.406435"
鞍山六村,1,"121.504440,31.275093"
澳门路,1,"121.447771,31.246994"
白荡河路201弄,1,"121.390732,31.365169"
白沙公园路333弄,12,"121.119879,31.148254"
白沙园路1333弄,1,"121.433502,31.394576"
白杨村,2,"121.396910,31.342166"
白钥村,2,"121.449435,31.658206"
白玉兰花园,4,"121.489330,31.398186"
白玉新村,3,"121.414038,31.232650"
白玉路176弄,1,"121.416688,31.234429"
柏岗寨村,1,"121.460622,31.220124"
柏丽华庭,1,"121.433647,31.368601"
班溪路55弄,3,"121.497478,31.371505"
半岭村,1,
宝安公路218号,1,"121.425095,31.369669"
宝安公路219号,1,"121.425095,31.369669"
宝安公路220号,1,"121.423738,31.368866"
宝安公路221号,1,"121.411143,31.363848"
宝昌路,1,"121.474138,31.259670"
宝辰花园,1,"121.489431,31.405242"
宝城二村,6,"121.489254,31.410238"
宝城三村,5,"121.493217,31.411090"
宝城一村,7,"121.489439,31.408487"
宝荻路500弄,3,"121.397961,31.361379"
宝荻路535弄,2,"121.394550,31.360660"
宝东路879号,1,"121.500092,31.399538"
宝东路888弄,10,"121.498845,31.399854"
宝丰村,1,"121.312551,31.437355"
宝钢11村,9,"121.485866,31.409950"
宝钢八村,26,"121.479392,31.408138"
宝钢二村、宝钢三村,32,"121.486631,31.406873"
宝钢九村,11,"121.475098,31.407429"
宝钢六村,7,"121.480320,31.407037"
宝钢七村,14,"121.482658,31.409180"
宝钢三村,2,"121.480955,31.403445"
宝钢十村,1,"121.478166,31.402856"
宝钢四村,10,"121.485225,31.407648"
宝钢五村,3,"121.483906,31.408047"
宝钢一村,13,"121.408984,31.451831"
宝华盛世,3,"121.402299,31.443832"
宝菊路133弄,9,"121.365300,31.342862"
宝莲湖,8,"121.411772,31.423016"
宝林八村,12,"121.494701,31.407374"
宝林二村,5,"121.486521,31.401619"
宝林九村,9,"121.498916,31.404426"
宝林六村,8,"121.497204,31.403898"
宝林路377弄,2,"121.484583,31.401160"
宝林路462弄,1,"121.482939,31.399893"
宝林路50弄,1,"121.490774,31.401563"
宝林七村,5,"121.494433,31.404905"
宝林三村,5,"121.494173,31.402611"
宝林四村,7,"121.492972,31.404925"
宝林五村,4,"121.490768,31.405075"
宝林一村,10,"121.479927,31.398209"
宝启公寓,7,"121.432870,31.370238"
宝启花园,1,"121.438526,31.370592"
宝钱公路,1,"121.301380,31.450838"
宝钱公路5000弄,1,"121.149497,31.378748"
宝泉路1号,4,"121.430455,31.413617"
宝泉路,2,"121.429932,31.416681"
宝山八村,15,"121.488271,31.412939"
宝山二村,7,"121.500407,31.394689"
宝山九村,8,"121.496404,31.400611"
宝山六村,1,"121.438104,31.258264"
宝山罗泾镇云中路经十路1658弄,3,"121.336584,31.471321"
宝山七村,12,"121.498765,31.396805"
宝山区,63,"121.489431,31.405242"
宝杨路555弄,5,"121.492005,31.401164"
陈镇路180弄,4,"121.340977,31.480378"
宝山区大场镇祁华路300弄,1,"121.370910,31.322671"
宝山区大康路891弄,1,"121.421279,31.329721"
抚远路538弄,3,"121.366061,31.396162"
富锦路1659弄,53,"121.441896,31.403012"
顾北路689弄,3,"121.386379,31.351976"
国权北路380弄,3,"121.494530,31.318147"
宝山区海江路667弄,1,"121.489611,31.397171"
宝山区涵青路398弄,1,"121.397002,31.332791"
菊泉街1280弄,2,"121.372367,31.361150"
宝山区菊泉街547弄,1,"121.376199,31.356359"
宝山区菊盛路1158弄,1,"121.366796,31.366786"
宝山区临汾路1564弄,1,"121.437448,31.310537"
宝山区岭南路1288弄,2,"121.457098,31.323436"
宝山区陆祥路3489弄,1,"121.489431,31.405242"
陆翔路3500弄,5,"121.340170,31.402432"
罗南二村富南路25弄,2,"121.366400,31.385579"
宝山区罗店镇集贤路150弄,1,"121.355323,31.417473"
宝山区罗店镇集贤路800弄,1,"121.343814,31.423622"
罗东路51弄,3,"121.378392,31.418566"
罗东路601弄,2,"121.370492,31.435718"
罗真路188弄,3,"121.342170,31.395465"
宝山区罗店镇毛家弄,1,"121.386320,31.427783"
美艾路177弄,4,"121.364134,31.394206"
颐景园,7,"121.346676,31.421186"
宝悦家苑,23,"121.329383,31.485121"
宝山区美平路745弄,2,"121.338273,31.387327"
宝山区美秀路558弄,2,"121.343802,31.381952"
牡丹江路1378弄,2,"121.485598,31.396743"
宝山区潘广路1765弄,1,"121.359114,31.362949"
宝山区庆安路友间公寓51弄,2,"121.433757,31.413493"
宝山区三门路489弄,1,"121.492983,31.312806"
宝山区三泉路1859弄,1,"121.435961,31.332663"
宝山区上海市宝山区蕴川路5300弄,1,"121.406193,31.442068"
韶山路348弄,7,"121.367119,31.365418"
中冶尚园,81,"121.412496,31.426578"
宝山区水产路2199弄,1,"121.447188,31.369056"
水产路2800弄,2,"121.436214,31.362278"
四元路126弄,30,"121.423806,31.423904"
宝山区淞滨路165弄,1,"121.495500,31.373486"
绥化路260弄,64,"121.428683,31.407413"
宝山区泰和西路3493弄,1,"121.403754,31.350752"
天家路199弄,3,"121.338590,31.382569"
天家路99弄,2,"121.340548,31.383253"
宝山区铁峰路2001弄,1,"121.455980,31.397046"
宝山区亭前街20弄,1,"121.346037,31.413139"
同济路60弄,3,"121.492424,31.369360"
宝山区新沪路475弄,1,"121.418900,31.270532"
宝山区行知路684弄,1,"121.408709,31.285475"
宝山区阳曲路1388弄,1,"121.460209,31.324240"
宝山区杨泰路2158弄,1,"121.429787,31.395363"
宝山区杨行镇海迪路33弄,2,"121.443781,31.378011"
宝山区杨行镇盘古路丽景翠庭2618弄,1,"121.430762,31.388538"
蕰川路1438弄,4,"121.430957,31.361127"
宝山区友谊街道牡丹江路1242弄,1,"121.487851,31.390931"
宝山区友谊路16弄,1,"121.491337,31.407800"
宝山区友谊路358弄,1,"121.466947,31.398659"
宝山区友谊路91弄,1,"121.487012,31.406479"
宝山区友谊支路300弄,1,"121.486040,31.408696"
月塘路268弄,65,"121.412254,31.423347"
镇泰路111弄,15,"121.445040,31.380653"
宝山区竹韵路258弄,2,"121.442423,31.367532"
竹韵路259弄,3,"121.441361,31.367078"
宝山三村,12,"121.496122,31.393126"
宝山十村,13,"121.493505,31.399491"
罗东路50弄,9,"121.379631,31.417548"
宝山一村,3,"121.421384,31.235623"
宝山友谊街道密山路宝林七弄,1,"121.495533,31.405174"
德都路218弄,124,"121.424909,31.409767"
宝山镇德都路55弄,1,"121.426904,31.404474"
宝通家园,4,"121.328690,31.487916"
宝溪村,1,"121.489431,31.405242"
宝祥村,1,
宝祥新苑,1,"121.337393,31.480476"
宝祥苑,1,
宝翔路560弄,1,"121.322468,31.309458"
宝杨路,17,"121.444009,31.375631"
宝杨路1850弄,4,"121.473344,31.393574"
宝杨路223弄,1,"121.499389,31.402055"
宝杨路3184弄,3,"121.439990,31.374630"
宝杨路3188弄,1,"121.439954,31.375783"
宝杨路3288弄,14,"121.436307,31.374545"
宝月花园,27,"121.411772,31.423016"
宝悦花苑,1,
宝悦华庭,1,"121.447978,31.369351"
罗泾镇,9,"121.327695,31.472144"
保德路,1,"121.446105,31.314596"
北安路,6,"121.427159,31.421339"
北戴村,1,
北海宁路80弄,1,"121.486899,31.251701"
北青公路,1,"121.175671,31.187172"
北新村,1,"121.282333,31.466260"
杨北中心村,4,"121.410631,31.391889"
北宗村,88,"121.412153,31.386010"
碧江路280弄,1,"121.401523,31.005937"
博伦市场,2,"121.312126,30.942027"
博兴路465弄,1,"121.586276,31.266894"
采江路8弄,7,"121.485207,31.414400"
采菊苑西,1,"121.365643,31.349606"
蔡家弄,9,"121.660930,31.159291"
蔡家宅,2,"121.362721,31.382477"
沧源路755弄,1,"121.429568,31.015459"
曹南村,1,"121.427558,31.086170"
曹杨二村,1,"121.404924,31.244651"
曹杨街道梅川路141弄,1,"121.402309,31.239074"
曹杨九村,1,"121.403364,31.232599"
曹杨路701弄,1,"121.416573,31.240584"
曹杨七村,2,"121.409343,31.243316"
曹杨三村,1,"121.400761,31.243352"
曹杨四村,1,"121.407230,31.237530"
曹杨五村,4,"121.408698,31.232558"
漕宝路1911弄,1,"121.363519,31.159665"
漕溪北路,1,"121.437086,31.184153"
漕溪路125弄,1,"121.437093,31.176243"
和祥家园,1,"121.567449,31.350485"
昌里路,1,"121.495024,31.174322"
昌平路777弄,1,"121.441168,31.234364"
厂海陆村,1,"121.388854,31.461783"
场北路39弄,1,"121.436163,31.336566"
场北路550弄,2,"121.427918,31.330749"
场北路551弄,2,"121.427317,31.333887"
场中路,3,"121.433186,31.304170"
场中路2471弄,1,"121.442768,31.305995"
场中路2950弄,3,"121.438074,31.302216"
场中路3123弄,1,"121.431905,31.306999"
场中路3300弄,1,"121.463910,31.261452"
朝阳村,2,"120.879463,31.119409"
车站南路407弄,1,"121.473582,31.294476"
车站西路303弄,1,"121.482930,31.300161"
陈川路,4,"121.323713,31.473530"
陈川路555弄,32,"121.332824,31.478167"
陈川西路,1,"121.319659,31.470658"
陈东路,1,"121.344348,31.480564"
陈东路185弄,5,"121.343864,31.482651"
陈广路,1,"121.356089,31.320759"
陈家镇安通东路657弄,1,"121.851083,31.514738"
陈翔公路1588弄,1,"121.306041,31.304975"
陈行村,9,"121.342655,31.480112"
陈行新村17弄,2,"121.343802,31.478780"
成都北路262弄,1,"121.467940,31.228533"
城桥镇东引路877弄,1,"121.411953,31.645522"
城桥镇嘉年花苑58弄,1,"121.403099,31.629334"
城桥镇秋涛路151弄,2,"121.430281,31.630997"
城头村,1,"121.427558,31.086170"
城西一村,1,"121.442888,31.398429"
程家村,1,"121.869214,30.938180"
程子庙村,1,
池沟路,1,"121.479007,31.301000"
赤峰路59弄,1,"121.501652,31.278866"
崇明区长兴镇丰福路599弄,1,"121.709618,31.382306"
处河口村,1,
处西崔村,1,
川纪路,2,"121.371587,31.481185"
川念路,16,"121.376702,31.481917"
川沙路,1,"121.731642,31.128866"
川沙路506号,1,"121.346240,31.478478"
川沙镇川银路150弄,1,"121.688222,31.192685"
川巷路,1,"121.405400,31.425821"
创建村,1,"121.071851,31.117428"
创新西路,1,"121.658080,31.204194"
春和路,22,"121.412462,31.411099"
春江美庐,2,"121.451664,31.368178"
春雷路,7,"121.432754,31.412741"
春雷路136弄,72,"121.433750,31.404802"
春雷路139弄,1,"121.433759,31.404854"
春雷路230弄,1,"121.434037,31.406437"
春雷路250弄,29,"121.434100,31.406685"
春雷路288弄,11,"121.433599,31.407407"
春雷路331弄,113,"121.434046,31.409359"
春雷路332弄,79,"121.432594,31.410105"
春雷路354弄,140,"121.433281,31.411683"
春雷路431弄,88,"121.436353,31.410133"
乐业一村,19,"121.436175,31.410124"
春雷路三五四弄,1,"121.431737,31.411630"
春申路3355弄,1,"121.395227,31.103612"
打虎山路15弄,1,"121.508800,31.270767"
大场镇涵青路398弄,1,"121.397112,31.332812"
锦秋路1588弄,3,"121.375192,31.316667"
大场镇南大村野猫弄,1,"121.367623,31.292286"
大场镇走马塘路1228弄,2,"121.372140,31.304864"
大椿村,1,"121.576626,31.619180"
大渡河路711弄,1,"121.396884,31.230693"
大华铂金府,1,"121.423470,31.278949"
大华路1500弄,1,"121.414520,31.286977"
大华路869弄,1,"121.415968,31.275107"
大华路901弄,1,"121.415617,31.277743"
大姜村,1,
大岚坳村,1,"121.460721,31.219736"
大连路210弄,1,"121.509717,31.256163"
大连西路250弄,1,"121.488405,31.277994"
大连西路270弄,1,"121.487488,31.277642"
大宁路540弄,1,"121.451423,31.271998"
大寨村,1,
大仲村,1,
丹巴路1500弄,1,"121.388299,31.241927"
丹霞路257弄,1,
丹霞山路257弄,5,"121.364616,31.361726"
丹霞山路50弄,1,"121.362106,31.358616"
岛新港村,1,"121.714608,31.381340"
岛元东村,1,"121.777175,31.340661"
道堂路,1,"121.568996,31.266754"
德都九村,1,"121.496404,31.400611"
德都路168弄,141,"121.424901,31.409410"
德都路,16,"121.427719,31.409600"
德都路50弄,45,"121.426922,31.404648"
新月翡翠园,57,"121.429911,31.403231"
新月府邸,10,"121.413517,31.419122"
德都路118弄,1,"121.427928,31.405652"
德都路165弄,189,"121.427032,31.408710"
德都路259弄,1,"121.424240,31.412796"
德都路265弄,1,"121.424590,31.411252"
德都路268弄,9,"121.423947,31.411180"
德都路269弄,82,"121.425968,31.410785"
德都路281弄,1,"121.423737,31.410945"
德都路28弄,73,"121.425506,31.403115"
德都路35弄,1,"121.430597,31.403515"
德都路360弄,1,"121.423723,31.414951"
德都路399弄,35,"121.423708,31.419686"
德都路58弄,22,"121.426870,31.404778"
德都路88弄,105,"121.425625,31.406298"
德富路900弄,1,"121.261937,31.343783"
德园路1437弄,1,"121.297474,31.311070"
德园南路111弄,1,"121.317640,31.280621"
灯塔村,1,"121.644588,31.311456"
登科地村,1,"121.758996,31.116853"
电台路,1,"121.391231,31.356460"
电台路318弄,1,"121.392744,31.350172"
电台路398弄,1,"121.392680,31.353487"
电台路568弄,1,"121.391682,31.355779"
电台路599弄,3,"121.392076,31.356470"
店张士村,1,"121.331107,31.388978"
丁钱新村,2,"121.375510,31.425639"
丁香路,1,"121.560497,31.227143"
东安一村,3,"121.457420,31.189100"
东大名路,1,"121.504964,31.250703"
东方丽都,13,"121.433971,31.383412"
东海村,3,"121.868951,31.337092"
东街村,3,"121.441743,31.376019"
东界泾村,2,"121.083946,31.095218"
东界经村,15,"121.354563,31.411632"
东靖路626弄,1,"121.585629,31.290918"
东林路395弄,3,"121.492753,31.408430"
东林路538弄,1,"121.489730,31.412696"
东南弄,1,"121.350372,31.412339"
东泉路,1,"121.445324,31.153946"
徐汇区,2,"121.436307,31.188334"
东三里桥路160弄,1,"121.510597,31.199464"
东太路80弄,1,"121.367384,31.387003"
东体育会路992弄,1,"121.488173,31.286816"
东西巷街,1,"121.340394,31.414044"
东新村,2,"121.346462,31.413645"
东新路88弄,1,"121.427879,31.242332"
东兴路,1,"121.322064,30.821058"
东余杭路1107弄,1,"121.507033,31.261870"
东园西村,1,
东园一村,1,"121.512845,31.231899"
董埠村,1,
都会路1799弄,1,"121.420946,31.060143"
都陆西路1737弄,1,
都市路1905弄,1,"121.411170,31.056619"
渡江村,1,
段泾村,120,"121.402220,31.425065"
多稼路,1,"121.502129,31.211656"
二纺老工房,1,"121.484073,31.366487"
二纺新工房,1,
二纺新工房小区,1,"121.846517,30.946822"
帆远路55弄,6,"121.481444,31.415149"
帆运路55弄,1,
番禺路,1,"121.429905,31.201074"
番禺路222弄,2,"121.426924,31.206745"
樊宝路35弄,1,"121.297222,31.335107"
樊埝后村,1,
繁华路,1,"121.254864,31.029308"
繁锦路688弄,3,"121.585452,31.314745"
繁兴路,2,"121.288723,31.219569"
繁兴路300弄,1,"121.295124,31.210873"
方堂里公寓,1,"121.489431,31.405242"
芳华路933弄,1,"121.570376,31.197585"
飞黄路190弄,2,"121.325652,31.466116"
飞云路,4,"121.340678,31.465393"
汾西路400弄,1,"121.458379,31.315979"
丰登路,1,"121.292851,31.359846"
丰浩苑,1,
丰康路50弄,1,"121.699004,31.393629"
丰新村,1,
丰庄北路480弄,1,"121.368945,31.249149"
风伟一村,1,"121.490451,31.678977"
枫叶路,1,"121.357450,31.452532"
凤城三村,2,"121.518529,31.280556"
凤南一村,1,"121.525747,31.275140"
凤卫路56弄,1,"121.690420,31.386797"
奉贤路,1,"121.459955,31.230764"
抚顺路363弄,1,"121.511401,31.278159"
抚远路,1,"121.359503,31.416273"
抚远路1211弄,1,"121.362650,31.408494"
抚远路1288弄,3,"121.359793,31.408243"
抚远路699弄,2,"121.367098,31.397693"
抚远路993弄,2,"121.364827,31.403892"
复兴中路,3,"121.456232,31.212412"
共富二村,9,"121.433231,31.349442"
富浩河滨花园,2,"121.423927,31.406420"
富锦花园1815弄,3,"121.489431,31.405242"
富锦路,33,"121.394739,31.393003"
富锦路1815弄,83,"121.434343,31.404076"
富锦路1859弄,1,"121.432226,31.400948"
富锦路2203弄,3,"121.419662,31.399079"
富锦路2488弄,5,"121.422812,31.391089"
富锦路99弄,1,"121.437480,31.404728"
富锦苑,6,"121.435047,31.404246"
富锦苑1815弄,6,"121.435614,31.404354"
富联路,2,"121.401330,31.373108"
富联路128弄,1,"121.410199,31.353106"
富联一路,2,"121.407532,31.366895"
富民村,3,"121.812152,31.371218"
富南路199弄,3,"121.366049,31.389737"
富南苑,1,"121.366531,31.384926"
富秀苑,1,"121.363853,31.389035"
富阳路,2,"121.630375,31.606036"
富杨路,3,"121.430624,31.400497"
富杨路223弄,10,"121.436774,31.389670"
富长路1080弄,1,"121.418712,31.354424"
甘泉路501弄,1,"121.429102,31.260425"
钢十一村,1,"121.485525,31.410683"
港沿村,1,"121.659105,31.579892"
高安路2弄,1,"121.443280,31.207152"
高境二村,1,"121.479175,31.322011"
高境路477弄,3,"121.472423,31.321866"
高境一村,4,"121.480711,31.318177"
高科西路,1,"121.526436,31.187836"
高青路2878弄,1,"121.529695,31.160475"
高行镇巨峰路995弄,1,"121.612934,31.281265"
高阳路242弄,1,"121.502102,31.252323"
高杨路223弄,1,"121.149102,31.361242"
工农三村,2,"121.535764,31.322121"
工农四村,1,"121.541033,31.322736"
共富路476弄,1,"121.424867,31.348359"
共富路518弄,2,"121.423915,31.348177"
共富三村,4,"121.426483,31.347832"
共富四村,9,"121.426285,31.349549"
共富新村,2,"121.431047,31.350354"
共富一村,3,"121.430912,31.350873"
共和新路,3,"121.457781,31.277224"
共和新路1304弄,1,"121.459050,31.263755"
共和新路2169弄,1,"121.454445,31.276874"
共和新路2999弄,1,"121.455150,31.289366"
共和新路3616弄,1,"121.448368,31.302991"
共和新路4719弄,1,"121.447775,31.320070"
共和新路4739弄,1,"121.447876,31.321312"
共和新路4828弄,1,"121.445905,31.319477"
共和新路5308弄,1,"121.441329,31.328001"
共和新路619弄,1,"121.464976,31.254095"
共和新路970弄,1,"121.462053,31.259405"
共康八村,2,"121.433359,31.324282"
共康花园宅路190弄,2,"121.425305,31.329244"
共康六村,1,"121.440492,31.325524"
共康路169弄,1,"121.442231,31.323220"
共康路88弄,1,"121.443704,31.320536"
共康七村,1,"121.437052,31.328113"
共康三村,1,"121.436046,31.313738"
共康四村,2,"121.435423,31.318404"
共康五村,2,"121.437543,31.322879"
共同村,1,
共祥路,21,"121.393730,31.395597"
共悦路,16,"121.418973,31.410088"
共悦路218弄,7,"121.413824,31.406752"
沽源路116弄,2,"121.476952,31.303001"
古莲路,4,"121.402207,31.448972"
古龙路66弄,3,"121.404107,31.152468"
古美路1107弄,1,"121.399238,31.154463"
顾北东路155弄,4,"121.412346,31.358630"
顾北东路188弄,2,"121.413877,31.359384"
顾北东路39弄,5,"121.415243,31.362507"
顾北东路500弄,3,"121.410103,31.356857"
顾北东路501弄,2,"121.407195,31.359689"
顾北东路88弄,1,"121.415263,31.360737"
顾北路,1,"121.397514,31.353976"
顾北路39弄,2,"121.401205,31.356022"
顾北路666弄,4,"121.390495,31.348650"
顾陈路,1,"121.373628,31.332084"
顾村,43,"121.375556,31.368134"
顾村保利夜上海1198弄,1,
教育路555弄,6,"121.395094,31.357086"
顾村镇共富路99弄,1,"121.433027,31.351196"
顾村镇沪联路1627弄,1,"121.342372,31.352468"
顾村镇沪联路487弄,1,"121.364719,31.360464"
顾村镇菊泉街1398弄,1,"121.369502,31.363044"
顾村镇朱家弄,1,"121.387348,31.339806"
顾荻路,1,"121.389545,31.352894"
顾泾河路,9,"121.402145,31.453353"
顾泾河路30弄,3,"121.402196,31.453397"
顾新东路387弄,1,"121.398664,31.348478"
关行政村,2,
观庙村,1,
冠东苑,1,
管弄,1,"121.424700,31.257306"
光复西路,2,"121.401352,31.222711"
光复西路555弄,1,"121.426285,31.240501"
光华路,2,"121.144303,31.017061"
光明村,3,"121.718627,31.079631"
光启南路,1,"121.494987,31.218198"
光新路299弄,1,"121.431427,31.254485"
广福村路325弄,2,"121.341686,31.355044"
广灵四路140弄,1,"121.478909,31.286316"
广灵一路39弄,2,"121.478148,31.278460"
广灵一路74弄,1,"121.477954,31.280692"
广元西路50弄,2,"121.435032,31.198116"
广粤路150弄,1,"121.467970,31.286408"
广粤路617弄,1,"121.466903,31.295066"
广中三村,1,"121.477256,31.278614"
广中西路999弄,1,"121.434656,31.275808"
广中支路10弄,1,"121.476121,31.275652"
桂家木村,1,"121.406124,31.404106"
桂林村,1,"121.411409,31.161616"
桂林东街51弄,1,"121.424413,31.154462"
桂林路505弄,1,"121.416278,31.175767"
桂林西街,1,"121.418093,31.156042"
桂泰路96弄,1,"121.437685,31.390644"
桂巷新村,2,"121.397677,31.239555"
郭家村,1,"121.187648,31.336487"
国安路789弄,1,"121.501868,31.319509"
国定路,1,"121.506353,31.302535"
国福路50弄,1,"121.508042,31.295456"
国和路888弄,1,"121.520672,31.319144"
国和一村,3,"121.529169,31.316505"
国年路,1,"121.506702,31.292602"
国权北路,1,"121.499570,31.335970"
国权北路220弄,1,"121.493790,31.315176"
国权路,1,"121.502706,31.294992"
国顺路,1,"121.458318,30.932841"
国伟路,1,"121.531365,31.331669"
国庠路,1,"121.516904,31.304400"
海滨八村,7,"121.497904,31.381206"
海滨二村,5,"121.570435,30.857273"
海滨七村,2,"121.496365,31.386126"
海滨三村,2,"121.492958,31.383225"
海滨四村,2,"121.493877,31.384730"
海滨五村,3,"121.498016,31.383064"
海滨新村,5,"121.493094,31.378929"
海川路58弄,1,"121.349959,31.264317"
海德路333弄,1,
海德名门333弄,2,"121.484977,31.410780"
海迪路119弄,1,
海迪路199弄,1,"121.560450,31.227231"
海笛路199弄,6,"121.418658,31.388398"
海笛路333弄,18,"121.420215,31.392727"
海江二村,5,"121.502938,31.392922"
海江路667弄,8,"121.489169,31.398767"
海江璐667弄,1,
海江新村,2,"121.504164,31.389818"
海鸥新村,1,"121.597328,31.648557"
海尚名城,1,
海星村,14,"121.356470,31.482204"
邯郸路470弄,1,"121.510808,31.300721"
涵青路100弄,1,"121.402541,31.332844"
韩家湾路,1,"121.344129,31.412447"
韩老家村,1,
汉阳路,2,"121.491506,31.249456"
杭州路492弄,2,"121.540683,31.262893"
航东路,1,"121.355748,31.176606"
航华一村,1,"121.357090,31.177230"
濠头村,1,
号自然村,1,
浩翔路98弄,1,"121.313659,31.313983"
合建村,6,"121.335693,31.467248"
合庆镇胜利路169弄,1,"121.688100,31.246165"
合行政村,1,
合兆路,1,"121.339304,31.445669"
和家欣苑,2,"121.416517,31.360424"
和炯路501弄,1,"121.507550,31.124260"
和桥村,6,"121.316951,31.418176"
和桥路,1,"121.327790,31.421795"
河西村,1,
河新一村,1,
河庄村,1,
荷泽路567弄,1,"121.595582,31.264941"
荷泽路58弄,1,"121.589760,31.272669"
鹤林路,6,"121.399538,31.454204"
鹤林路250弄,7,"121.400391,31.452831"
鹤林路298弄,6,"121.399704,31.453438"
鹤林路299弄,9,"121.400214,31.453256"
鹤林路58弄,55,"121.404249,31.446799"
鹤林路78弄,1,"121.402713,31.447311"
恒高路128弄,1,"121.470376,31.324987"
横浜路89弄,1,"121.480177,31.263294"
横仓公路,1,"121.290798,31.360950"
衡水路89弄,1,"121.486072,31.255430"
红林路576弄,3,"121.418430,31.364282"
红林路589弄,5,"121.418989,31.362199"
红林路58弄,1,"121.429899,31.367881"
红星村,1,"121.317604,31.426767"
宏伟新村,1,"121.457189,30.914491"
虹二小区,1,"121.425326,31.195563"
虹口区场中路32弄,1,"121.478783,31.307159"
虹口区嘉兴街道四平路460弄,1,"121.492705,31.266811"
虹口区奎照路257弄,1,"121.465854,31.299389"
虹口区凉城街道场中路685弄,1,"121.471953,31.309454"
虹口区凉城路210弄,1,"121.470226,31.282253"
虹口区欧阳路街道四平路421弄,1,"121.491317,31.269786"
虹口区曲阳街道赤峰路365弄,1,"121.491673,31.280991"
虹口区三门路719弄,1,"121.480730,31.311581"
虹口区通州路392弄,1,"121.495520,31.259801"
虹口区文迁路38弄,1,"121.479848,31.301761"
虹桥路1053弄,2,"121.412367,31.197436"
洪德路35弄,2,"121.266479,31.359303"
洪山路121弄,2,"121.499130,31.178826"
后屿村,1,
呼兰路,1,"121.440200,31.340971"
呼兰路515弄,1,"121.448705,31.346449"
呼玛二村,5,"121.444664,31.342014"
呼玛路,2,"121.442080,31.336864"
呼玛三村,4,"121.441420,31.339161"
呼玛五村,2,"121.437780,31.341921"
呼玛一村,4,"121.452328,31.341703"
胡集村,1,
虎林路514号,1,"121.456251,31.339800"
沪樊路,1,"121.321254,31.474207"
沪南路,1,"121.567510,31.147600"
沪太路,8,"121.326912,31.452983"
沪太路3611弄,1,"121.408919,31.324083"
沪太路3717弄,3,"121.400144,31.344281"
沪太路6058弄,1,"121.364149,31.373390"
沪太路6525弄,1,"121.359067,31.387978"
沪太路7488弄,2,"121.332978,31.418127"
沪宜公路1868弄,1,"121.289970,31.327594"
花红村,6,"121.333008,31.492175"
花木路,2,"121.551745,31.210847"
花园路,1,"121.325593,31.125512"
花园宅路190弄,1,"121.423763,31.328965"
花园宅路52弄,1,"121.425665,31.328990"
华浜二村,1,"121.497080,31.346130"
华浜新村,3,"121.446918,31.207911"
华和路728弄,1,"121.395709,31.292721"
华江路,1,"121.327424,31.224481"
华江路666弄,1,"121.326382,31.249545"
华灵路1788弄,1,"121.408768,31.277973"
华灵路1895弄,1,"121.402354,31.282102"
华灵路82弄,1,"121.424068,31.271768"
华南新村,1,
华能城市花园,1,"121.484119,31.395772"
华亭名苑,1,"121.244473,31.465875"
华中苑崧漪一路46弄,1,"121.154960,31.139604"
淮海中路,2,"121.440622,31.206123"
淮海中路街道合肥路127弄,1,"121.476061,31.214782"
环城路1510弄,1,"121.238275,31.382689"
环龙路259弄,1,"121.527222,31.204301"
环镇北路400弄,1,"121.407555,31.306871"
环镇南路1506弄,1,"121.389679,31.174092"
黄家花园998弄,1,
黄家路99弄,1,"121.495968,31.216426"
黄浦区蒙自路440弄,2,"121.478659,31.202369"
黄浦区俞家弄,1,"121.495839,31.217102"
汇善路1320弄,1,"121.203240,31.406323"
汇头村,1,"121.265451,31.076853"
惠民村,1,"121.592968,31.570502"
惠民路,1,"121.527683,31.261124"
惠南镇听悦路960弄,1,"121.739743,31.060034"
惠阳苑,8,"121.423716,31.419678"
惠钥苑1026弄,1,
惠裕路588弄,1,"121.279165,31.296949"
火车站路121弄,1,"121.311707,31.283647"
霍山路47弄,1,"121.509893,31.253005"
积福新村,1,"121.387966,31.385804"
吉祥路,1,"121.487241,31.265356"
吉祥路38弄,1,"121.488838,31.265450"
集贤路,3,"121.351797,31.421134"
集贤路1515弄,1,"121.349973,31.431004"
集贤路2020弄,4,"121.349973,31.431004"
集贤路500弄,3,"121.350120,31.420740"
集贤路501弄,9,"121.353978,31.421916"
集贤路700弄,3,"121.351442,31.426849"
纪念路289弄,2,"121.489247,31.298572"
季乐路555弄,1,"121.287189,31.215714"
佳木斯路,1,"121.534026,31.293222"
嘉诚国际花园,2,"121.426423,31.404111"
嘉定区安亭镇安悦路100弄,1,"121.179268,31.286295"
嘉定区华亭镇武双路125弄,1,"121.309215,31.469297"
嘉定区华亭镇武双路299弄,1,"121.308590,31.471005"
嘉定区江桥镇金园一路1118弄,1,"121.314305,31.247777"
嘉定区南大街9弄,1,"121.252879,31.380644"
嘉定区南翔镇陈翔路1588弄,1,"121.315916,31.311459"
嘉定区南翔镇南华路101弄,1,"121.307671,31.288832"
嘉定区茹水路1180弄,1,"121.273909,31.386957"
嘉定区,8,"121.265276,31.375566"
嘉定区顺宁路501弄,1,"121.274674,31.408205"
嘉定区天祝路377弄,1,"121.263419,31.347647"
嘉好路,1,"121.286966,31.309851"
嘉罗公路,3,"121.327122,31.412685"
嘉松中路,1,"121.228550,31.161708"
嘉涛路,1,"121.325905,31.269925"
建场村,1,
建国新路,1,"121.481529,31.213838"
建设路,1,"121.652586,31.114249"
剑河路419弄,1,"121.367410,31.214330"
江场路,2,"121.458412,31.298169"
江场一路,1,"121.447568,31.298618"
江海新村,1,"121.455195,30.906171"
江南一村,1,"121.463586,31.191875"
江宁路,2,"121.445339,31.242938"
江浦路1188弄,1,"121.521221,31.269527"
江浦路740弄,1,"121.524761,31.262425"
江桥镇河东小区香思路60弄,1,"121.296580,31.270871"
江桥镇金耀南路80弄,1,"121.309997,31.233151"
江桥镇临潭路490弄,1,"121.339689,31.257116"
江桥镇张掖路201弄,1,"121.336272,31.256330"
江湾城路,1,"121.516861,31.330199"
江湾路476弄,1,
江文路330弄,1,"121.543423,31.064800"
江文路688弄,6,"121.533011,31.061200"
江杨北路,5,"121.441894,31.394804"
江杨北路1568弄,80,"121.435835,31.398706"
江杨北路1388弄,1,"121.442497,31.392822"
四季都会,11,"121.429484,31.391901"
江杨北路1659弄,1,"121.439347,31.404182"
江杨南路466弄,1,"121.468070,31.316591"
江阴路,1,"121.470044,31.229846"
江栀路350弄,1,"121.496561,31.097004"
蒋家院村,1,"121.621436,31.103637"
蒋巷街,1,"121.348123,31.412534"
交城路399弄,1,"121.424718,31.294483"
交通西路129弄,1,"121.447184,31.255753"
街道漕宝路,1,"121.378441,31.156828"
街道彭江路,1,"121.457105,31.284918"
街道五村,1,"121.513848,31.194180"
街刘溪村,1,
街群建村,1,
金丰苑935弄,1,
金葫芦新村十五区,1,"121.217768,31.158319"
金吕村,4,"121.291986,31.454286"
金色郦苑,1,"121.536557,31.364358"
金山豪庭,1,"121.353225,30.734193"
金勺路,6,"121.360593,31.455641"
金石路,6,"121.374128,31.465673"
金石路2599弄,2,"121.330441,31.450416"
金塘路,1,"121.373540,31.460209"
金通路1737弄,1,"121.323026,31.284935"
金杨路308弄,1,"121.577471,31.245897"
锦爱路,1,"121.453575,31.404993"
锦富路,2,"121.405921,31.400297"
锦宏路,2,"121.405975,31.408080"
锦乐路,6,"121.411022,31.416750"
锦乐路300弄,1,"121.414869,31.407394"
锦南路,1,"121.389071,31.391138"
锦秋花园,1,"121.392053,31.321284"
锦秋路,1,"121.373052,31.319356"
锦秋路1601弄,2,"121.372467,31.318422"
锦秋路699弄,4,"121.389472,31.324653"
锦伟路,7,"121.394864,31.400475"
锦伟路428弄,2,"121.394589,31.401012"
浦东新区,1,"121.544346,31.221461"
泾桥四村,1,"121.489431,31.405242"
泾桥宅村,1,
泾腾佳苑,1,"121.322109,31.480811"
马泾桥一村,38,"121.416874,31.419097"
景源名墅,1,"121.418599,30.907935"
靖边路199弄,1,"121.367201,31.259246"
靖远路1288弄,1,"121.324759,31.256242"
静安区宝通路425弄,1,"121.475795,31.259360"
静安区场中路3117弄,1,"121.431845,31.306158"
静安区成都北路1037弄,1,"121.462277,31.239937"
静安区大宁路700弄,1,"121.448159,31.271252"
静安区江场路1228弄,1,"121.459392,31.298862"
静安区金家巷西弄,1,"121.439848,31.227735"
静安区临汾路1060弄,1,"121.445473,31.311232"
静安区灵石路733弄,1,"121.441179,31.284101"
静安区彭浦街道临汾路1060弄,1,"121.460446,31.310630"
静安区平型关路68弄,1,"121.465732,31.265637"
静安区闫安平路123弄,1,"121.490838,31.228881"
静安区永兴路928弄,1,"121.459517,31.250760"
静安区原平路777弄,1,"121.429751,31.293472"
静安区中山北路570弄,1,"121.465415,31.261231"
九龙路,1,"121.491600,31.252301"
九亭镇虬泾路900弄,1,"121.335365,31.122955"
菊联路589弄,1,"121.356256,31.341890"
菊联路89弄,1,"121.367850,31.347860"
菊泉街12820弄,1,"121.370019,31.367014"
菊泉街1596弄,1,"121.367147,31.366699"
菊泉街2899弄,1,"121.370397,31.366651"
菊泉街39弄,3,"121.377465,31.351104"
菊泉街55弄,3,"121.379316,31.354128"
菊泉新村,1,"121.373164,31.356919"
菊盛路186弄,1,"121.372665,31.351847"
菊盛路468弄,1,"121.370749,31.356542"
菊盛路50弄,2,"121.374596,31.349924"
菊盛路851弄,4,"121.368467,31.359162"
菊太路,2,"121.378194,31.355090"
菊太路1198弄,2,"121.357556,31.347203"
菊太路1221弄,3,"121.356674,31.349440"
菊太路1399弄,3,"121.352432,31.346187"
菊太路139弄,1,"121.375360,31.354314"
菊太路777弄,4,"121.364949,31.352728"
菊太路999弄,7,"121.361146,31.351299"
巨鹿路,3,"121.467686,31.223090"
聚缘区村,1,
聚源桥村,43,"121.387933,31.437617"
聚源桥夹弄,3,"121.388552,31.442698"
聚源桥甲弄,1,
开鲁路,1,"121.539394,31.324625"
开鲁路286弄,1,"121.536174,31.326314"
开鲁路470弄,1,"121.530098,31.325025"
开鲁三村,1,"121.527823,31.323479"
凯德一期祥安路223弄,1,"121.809815,30.961043"
凯旋北路1555弄,2,"121.412363,31.227947"
康健路55弄,1,"121.430458,31.165683"
康联路58弄,2,"121.421122,31.346169"
康桥镇康佳路39弄,1,"121.594729,31.127959"
科盛路1755弄,1,"121.334883,31.322647"
克东路,2,"121.460394,31.406463"
克东路50弄,2,"121.460271,31.407011"
克山路,1,"121.467116,31.401708"
坑里洋村,1,
坑内村,1,
控江路,1,"121.525752,31.277489"
控江四村,1,"121.524895,31.285121"
控江五村,1,
奎照路275弄,1,"121.479818,31.300067"
昆阳路3388弄,2,"121.356487,31.046547"
兰岗路,3,"121.453693,31.375181"
兰溪路21弄,1,"121.414257,31.239282"
劳动村,1,"121.633127,31.179665"
老安村,3,"121.375556,31.368134"
老沪闵路1111弄,1,"121.435850,31.126046"
老蕰川路,3,"121.401153,31.460616"
老翔黄公路,1,"121.295375,31.275170"
乐业二村,18,"121.433291,31.411563"
乐业五村,5,"121.423737,31.410945"
乐业五村218弄,1,"121.423737,31.410945"
礼泉路,1,"121.414879,31.255955"
李大人村,1,"121.321715,31.432813"
李氏祠村,1,"121.241389,31.161221"
李香铺村,1,
李行政村,1,
丽都花苑,1,
丽园路,1,"121.483539,31.209315"
利物浦阁,1,
连亮路111弄,1,"121.388725,31.290930"
莲花路528弄,1,"121.401545,31.143584"
莲花山路517弄,2,"121.445496,31.362755"
莲花山路700弄,1,"121.436666,31.361614"
莲花山路817弄,4,"121.436210,31.361183"
莲花山路99弄,1,"121.450637,31.364488"
莲路三村,1,"121.534716,31.285674"
联合村,7,"121.324721,31.402742"
联水路,7,"121.401453,31.436300"
联苏路,1,"121.347708,31.376542"
联泰路158弄,3,"121.428553,31.347151"
联泰路518弄,1,"121.423262,31.351703"
联杨路1078弄,2,"121.354456,31.345348"
联谊路,1,"121.418408,31.343117"
联谊路501弄,2,"121.428062,31.346229"
联谊路619弄,1,"121.421746,31.344002"
练祁路,2,"121.410178,31.432687"
良路二村,1,"121.489170,31.340508"
凉城二村,1,"121.474660,31.291051"
凉城路1201弄,1,"121.470235,31.303299"
凉城路450弄,1,"121.470882,31.288510"
梁圩村,1,
林展路411弄,2,"121.509466,31.122621"
临汾路1244弄,1,"121.442814,31.311339"
临汾路380弄,1,"121.457964,31.311957"
临汾路850弄,2,"121.450550,31.310877"
临江二村,4,"121.486994,31.410159"
临江三村,9,"121.488347,31.411024"
临江四村,4,"121.490494,31.412675"
临青路254弄,1,"121.541635,31.265578"
临潼路,2,"121.514311,31.252094"
灵平路333弄,1,
刘行政村,1,
浏翔公路,1,"121.286596,31.438258"
柳湖路777弄,2,"121.243439,31.405043"
柳营路,1,"121.448607,31.260379"
柳营路309弄,2,"121.463537,31.269015"
柳营路319弄,2,"121.462048,31.268563"
柳营路650弄,1,"121.457152,31.264098"
柳园路,1,"121.354914,31.297374"
六七九村,1,"121.496404,31.400611"
龙飞路,1,"121.432483,31.369113"
龙江路,1,"121.529989,31.256472"
龙江路127号,1,"121.518384,31.257477"
龙江路300弄,1,"121.530468,31.256803"
龙茗路513弄,1,"121.388489,31.129279"
龙瑞路1323弄,1,"121.452691,31.139423"
龙水南路385弄,1,"121.452904,31.154339"
龙吴路,1,"121.455728,31.098209"
龙缘花园,1,"121.441730,31.335956"
龙镇路,3,"121.423968,31.416535"
龙镇路7弄,2,"121.430194,31.417959"
龙州南路,2,"121.429451,31.122584"
楼行政村,2,
卢湾区五里桥街道中山南一路1109弄,1,"121.470508,31.195806"
陆家浜路阳光公寓305弄,1,"121.500555,31.211507"
陆家村,1,"121.037772,30.898844"
陆翔路,1,"121.345022,31.395101"
陆翔路3489弄,2,"121.338626,31.400703"
陆翔路358弄,1,"121.369634,31.351308"
禄南村,1,"121.513436,31.105585"
路金星村,1,"121.347241,31.416784"
路永红村,1,"121.709126,31.235243"
罗北路,14,"121.389093,31.455237"
罗店布长街30弄,1,"121.344615,31.412519"
罗店祁北东路85弄,1,"121.353852,31.423651"
罗店镇步长街25弄,1,
罗店镇东太路80弄,2,"121.366221,31.386507"
罗店镇东太路95弄,1,"121.366406,31.387444"
罗店镇富南路256弄,1,"121.363451,31.389283"
罗店镇集贤路150弄,1,"121.355050,31.417566"
罗店镇集贤路151弄,2,"121.356022,31.417830"
罗店镇金星绿苑501弄,1,"121.351250,31.421500"
罗东路306弄,3,"121.375866,31.426591"
罗芬路98弄,2,"121.358191,31.392205"
罗和路118弄,2,"121.341807,31.381543"
罗店镇罗兰佳苑188弄,1,"121.341729,31.395638"
罗店镇罗西路60弄,1,
罗店镇罗溪路1001弄,3,"121.343021,31.425544"
罗溪路1079弄,3,"121.342203,31.427641"
罗店镇罗溪路371弄,1,"121.347176,31.416832"
罗店镇毛家路200弄,1,"121.387473,31.421519"
罗店镇毛家路201弄,1,"121.387014,31.422521"
毛家路409弄,10,"121.385616,31.428605"
毛家路600弄,5,"121.384164,31.432768"
毛家路601弄,14,"121.384411,31.433076"
毛家路800弄~801弄,5,"121.382057,31.434641"
罗店镇毛家宅601弄,1,
罗店镇美丹路1058弄,1,"121.336839,31.394605"
罗店镇美丹路689弄,1,"121.349264,31.400628"
美丰路88弄,4,"121.356498,31.409522"
美康路818弄,3,"121.332649,31.395909"
罗店镇美平路288弄,2,"121.348084,31.390761"
罗店镇南东路601弄,1,"121.360477,31.388569"
罗店镇南东路89弄,1,"121.361824,31.385922"
罗店镇南弄,1,"121.344259,31.411508"
罗店镇年吉路100弄,1,"121.344554,31.401988"
罗店镇年吉路200弄,1,"121.343625,31.401645"
年吉路358弄,4,"121.346314,31.399491"
潘泾路2699弄,1,"121.364175,31.425587"
罗店镇市河街2弄,1,"121.650290,30.943470"
罗店镇塘西街397弄,2,"121.340582,31.420083"
罗店镇西西巷街16弄,1,"121.338735,31.414332"
罗东路,6,"121.365014,31.468749"
罗东路600弄,3,"121.370478,31.435713"
罗东路1001弄,1,"121.370973,31.445437"
罗东路301弄,1,"121.374953,31.424169"
罗东路305弄,2,"121.375683,31.426107"
罗东路501弄,3,"121.374965,31.431274"
罗家村,1,"121.151167,30.852420"
潘泾路4655弄,11,"121.349406,31.462289"
罗泾镇陈东路79弄,1,"121.344496,31.480218"
罗泾镇陈功路666弄,3,"121.329323,31.483331"
罗泾镇陈行街17弄,2,"121.343802,31.478780"
罗泾镇陈镇路205弄,1,"121.341998,31.481599"
潘沪路188弄,7,"121.333309,31.481794"
潘泾路5777弄,7,"121.338273,31.481650"
潘泾路,7,"121.368923,31.414869"
潘新路118弄,10,"121.332333,31.488900"
潘新路558弄,9,"121.323278,31.485255"
罗泾镇潘兴路255弄,1,
长虹路779弄,8,"121.327811,31.477269"
罗南蔡宅弄,1,
罗南二村,9,"121.365411,31.386055"
罗南三村,2,"121.360637,31.389295"
罗南新村,1,"121.351811,31.328852"
罗宁路,12,"121.325623,31.484342"
罗宁欣苑,5,"121.323105,31.485198"
罗宁欣院,1,
罗山路,1,"121.559989,31.243660"
罗升路222弄,1,"121.343041,31.411334"
罗太路,2,"121.338436,31.418593"
罗太路533弄,2,"121.341480,31.416612"
罗太路869弄,1,"121.339288,31.427368"
罗溪路,2,"121.347536,31.413799"
罗溪路1000弄,1,"121.343410,31.424894"
罗溪路1001弄,1,"121.343117,31.425226"
罗贤路,1,"121.350781,31.388566"
罗翔苑,2,
罗新路,1,"121.355482,31.428043"
罗秀路850弄,1,"121.432968,31.131603"
罗迎路188弄,1,"121.362530,31.401104"
罗迎路505弄,1,"121.356422,31.403137"
罗迎路558弄,5,"121.355586,31.405626"
罗迎路800弄,4,"121.354202,31.408910"
罗智路258弄,3,"121.346978,31.385974"
罗智苑,1,"121.344867,31.389936"
洛川东路,2,"121.458990,31.268129"
绿海路,1,"121.436121,31.627510"
绿苑1村,1,"121.541694,31.284402"
马场村,1,"121.513436,31.105585"
马坊村,1,"121.238048,30.909363"
马泾桥二村,39,"121.414169,31.418730"
马泾桥三村,31,"121.413469,31.416964"
马泾桥四村,31,"121.412020,31.417843"
马陆镇科茂路680弄,1,"121.326837,31.332279"
马桥镇富卓路125弄,1,"121.383671,31.020639"
毛家路,7,"121.387580,31.425081"
毛家路200弄,2,"121.388391,31.422242"
毛家路451弄,1,"121.388078,31.431660"
毛家弄,1,"121.452834,31.257164"
毛家宅409弄,1,"121.256371,31.442125"
茅台路,2,"121.383120,31.211302"
勤丰村,146,"121.402393,31.440407"
茂盛村,22,"121.399387,31.410499"
沈巷村,86,"121.403512,31.429255"
梅川路1111弄,1,"121.386828,31.239076"
梅川路255弄,1,"121.398170,31.238536"
梅林路,1,"121.436738,31.368446"
梅林路666弄,3,"121.436468,31.367484"
梅林路866弄,2,"121.435182,31.371039"
梅林路97弄,1,"121.438366,31.362769"
梅岭南路320弄,1,"121.411554,31.239396"
梅陇5村,1,"121.420730,31.135743"
梅陇四村,1,"121.421073,31.137521"
梅园三村,1,"121.522331,31.239218"
梅园新村,1,"121.511550,31.231166"
梅园新村街道招远路19弄,1,"121.514487,31.237003"
湄浦村,6,"121.419023,31.386289"
湄浦路,7,"121.456678,31.403818"
湄浦路218弄,7,"121.463546,31.405512"
湄浦路219弄,1,"121.462733,31.406383"
湄浦路300弄,2,"121.460823,31.405276"
湄星路,1,"121.417967,31.376881"
煤电路,2,"121.402433,31.465087"
煤水路,2,"121.398835,31.473808"
美艾路189弄,1,"121.362479,31.393994"
美艾路198弄,3,"121.362542,31.394016"
美安路,2,"121.346536,31.387281"
美安路215弄,1,"121.349809,31.387833"
美安路218弄,2,"121.348923,31.389942"
美安路398弄,4,"121.346050,31.388142"
美丹路,2,"121.354754,31.405210"
美丹路1033弄,1,"121.338460,31.391070"
美丹路1058弄,2,"121.335966,31.393452"
美丹路18弄,4,"121.353047,31.406605"
美丹路998弄,2,"121.340146,31.395423"
美兰湖,8,"121.349807,31.392286"
美兰金邸,1,"121.360071,31.395618"
美罗家园,1,"121.338403,31.382142"
美罗家园澜景苑,1,"121.354658,31.390958"
美罗家园罗安苑,1,"121.350345,31.387832"
宝山区罗店镇,2,"121.355815,31.395230"
美满村,2,"121.353998,31.222936"
美平路1060弄,3,"121.336137,31.387319"
美平路428弄,4,"121.345334,31.390172"
美平路500弄,2,"121.342991,31.389578"
美平路696弄,4,"121.339709,31.388244"
美平路999弄,4,"121.336447,31.387068"
密山二村,4,"121.484995,31.402717"
密山路500弄,1,"121.483214,31.401781"
密山新村,3,"121.480961,31.401574"
密云路528弄,1,"121.496649,31.283093"
密云路611弄,1,"121.499216,31.287945"
苗圃路,3,"121.378694,31.426372"
庙行街道大康路896弄,2,"121.423352,31.330812"
民府路1199弄,1,"121.500298,31.315528"
民京路838弄,2,"121.522262,31.322862"
民科路,1,"121.318869,31.469780"
民生村,3,"121.831909,31.348463"
民星二村,1,"121.535540,31.312745"
民星路350弄,1,"121.541319,31.312015"
闵行区北江路228弄,1,
闵行区虹梅南路1776弄,1,"121.431116,31.111319"
闵行区中沟路20弄,1,"121.393602,31.066399"
明欣园,1,
明玉园,1,
盛桥老街,45,"121.404521,31.454637"
明珠路785弄,1,"121.261706,31.178637"
明珠园,1,"121.433473,31.250205"
魔族公寓,1,"121.434195,31.373559"
漠河路,3,"121.467568,31.407305"
漠河路1100弄,1,"121.467676,31.407102"
牡丹江路,3,"121.497219,31.381328"
牡丹江路1158弄,1,"121.489804,31.390596"
牡丹江路1242弄,2,"121.486190,31.392206"
牡丹江路1298弄,7,"121.484314,31.395348"
牡丹江路1321弄,1,"121.486113,31.398138"
牡丹江路285弄,1,"121.356917,31.143053"
木鱼庙村,1,
南场村,1,
南大街路塔前小区弄,1,"121.251916,31.382217"
南大路190弄,1,"121.398455,31.301379"
南丹路368弄,1,"121.427067,31.191943"
南东路,1,"121.360907,31.388231"
南东路108弄,1,"121.360784,31.386850"
南东路84弄,1,"121.361330,31.385686"
南汇卫星东路50弄,1,"121.761649,31.043306"
南京东路541弄,1,"121.480115,31.235903"
南京西路1955弄,1,"121.441936,31.220430"
南门关家弄,1,
南宁村,1,
南弄,2,"121.344543,31.409055"
南胜村,1,"121.485921,30.861241"
南卫路38弄,1,"121.359870,31.384759"
南翔镇陈翔路65弄,1,"121.346141,31.317372"
南翔镇乐惠路云翔瑞和壹街区801弄,1,"121.268016,31.308902"
南一路,1,"121.432958,31.172696"
南园路358弄,1,"121.745512,31.029351"
南长路,1,"121.364684,31.384150"
南长路111弄,1,"121.367749,31.384429"
南周村,2,"121.344294,31.378604"
年吉路,2,"121.339462,31.400001"
年吉路100弄,1,"121.344514,31.401946"
年吉路220弄,2,"121.343295,31.401679"
年吉路650弄,1,"121.334318,31.399414"
埝钱家村,1,"121.364069,31.384849"
宁波路,1,"121.478020,31.237211"
欧阳路28弄,1,"121.489118,31.265021"
牌楼村,1,"121.346328,31.476700"
潘川路,2,"121.328256,31.455223"
潘村,4,"121.336842,31.393678"
潘广路,3,"121.370006,31.364933"
潘沪路69弄,10,"121.334306,31.480012"
潘沪路399弄,1,"121.327487,31.478442"
潘泾路1999弄,2,"121.370745,31.413143"
潘泾路2601弄,1,"121.360389,31.432793"
潘泾路4777弄,11,"121.349338,31.466366"
潘泾路588弄,1,"121.399017,31.366503"
潘桥村,6,"121.345380,31.485911"
潘新路,1,"121.330054,31.485239"
潘新路255弄,6,"121.331659,31.486187"
盘古路,8,"121.447681,31.395399"
盘古路19弄,9,"121.493623,31.412207"
盘古路2618弄,12,"121.431479,31.389417"
盘古路588弄,1,"121.476396,31.405479"
盘古路689弄,5,"121.473511,31.406716"
盘古路715弄,1,"121.469821,31.404337"
盘古路895弄,5,"121.463384,31.402404"
盘古路927号,2,"121.462640,31.401523"
盘古路927弄,6,"121.461523,31.402304"
盘古路弄,1,"121.466028,31.402197"
盘古馨苑,1,"121.462581,31.401313"
彭岗村,1,
彭浦新村,2,"121.450918,31.308590"
偏脸子村,1,"121.864630,31.329757"
飘鹰花园,2,"121.427237,31.367204"
平凉路,2,"121.515071,31.251781"
平陆路,1,"121.446630,31.294016"
平型关路1083弄,2,"121.459008,31.281887"
平型关路1288弄,1,"121.457570,31.286489"
蒲荣璐29弄,1,
浦东大道1565弄,1,"121.538571,31.243362"
浦东大道2511弄,1,"121.559776,31.258878"
浦东南路2178弄,1,"121.514394,31.206464"
浦东新村,1,"121.677510,31.067055"
浦东新区成山路24弄,1,"121.486050,31.168153"
浦东新区成山路608弄,1,"121.509208,31.170762"
浦东新区创新西路300弄,2,"121.651343,31.204267"
浦东新区康桥工业园区康桥东路1159弄,1,"121.628124,31.159245"
浦东新区凌河路618弄,1,"121.602882,31.271728"
浦东新区浦电路138弄,1,"121.521932,31.219078"
浦东新区浦电路305弄,1,"121.526059,31.218818"
浦东新区上浦路69弄,1,"121.490197,31.146193"
浦东新区潍坊路355弄,1,"121.533437,31.230323"
浦东新区长清路103弄,1,"121.489211,31.169776"
浦东新区周浦镇繁荣东路159弄,1,"121.585843,31.107723"
浦东新区周浦镇周星路500弄,1,"121.578760,31.103587"
钱潘村,113,"121.403512,31.429255"
浦钱潘村,1,"121.397925,31.436788"
浦三村,1,
浦四六村,6,"121.426201,31.418289"
浦西村,1,
浦新丰村,2,"121.398803,31.454298"
"浦兴街道(乡,镇)五莲路1769弄",1,"121.597793,31.284973"
八村,1,
九村,1,"121.496404,31.400611"
六村,1,
四村,1,
普陀二村,1,"121.418159,31.235553"
普陀区北石路175弄,1,"121.399521,31.248945"
普陀区黄陵路151弄,1,"121.426687,31.261379"
普陀区金汤路59弄,1,"121.385728,31.248376"
普陀区南大路2860弄,1,"121.356233,31.294308"
普陀区,1,"121.395470,31.249618"
普陀区长寿街道普雄路26弄,1,"121.424452,31.236642"
普陀区真北路1524弄,1,"121.387701,31.243648"
普陀区真如街道曹杨路2168弄,1,"121.406050,31.258415"
普陀区真如镇桃浦路1108弄,1,"121.380487,31.261825"
七里村,1,
栖林路265弄,1,"121.319498,31.307427"
祁北东路,1,"121.361520,31.425394"
祁北路361弄,2,"121.346594,31.421770"
祁北路85弄,2,"121.351458,31.422806"
祁华路655弄,4,"121.372333,31.320257"
祁连山路2500弄,1,"121.380438,31.313376"
祁南二村,7,"121.349534,31.413803"
祁南一村,1,"121.348451,31.416516"
祁真路160弄,2,"121.378383,31.321459"
前曹公路,1,"121.305147,31.443128"
前曹路,1,"121.303780,31.476954"
前卫支路,1,"121.721491,31.384531"
钱陆路,9,"121.386398,31.453453"
乾溪路200弄,1,"121.412308,31.304714"
桥钱潘村,1,"121.404254,31.429329"
沈家村,1,"121.213136,31.346106"
桥行政村,1,
钦州北路,1,"121.415013,31.180374"
钦州路,1,"121.430049,31.174813"
钦州南路8弄,1,"121.428738,31.162025"
钦州南路917弄,1,"121.412937,31.155429"
秦望村,1,"121.252940,30.798960"
青浦区赵巷业煌路128弄,1,"121.234850,31.134350"
青浦朱家角珠湖路99弄,2,"121.048075,31.110514"
清安村,1,
清涧路187弄,1,"121.385497,31.261840"
清峪路,1,"121.372241,31.239842"
清源环路,1,"121.520850,31.311678"
清真路58弄,1,"121.459990,31.200255"
庆安二村,19,"121.431782,31.406033"
庆安路,2,"121.427965,31.411047"
庆安路51弄,14,"121.428725,31.409305"
庆安路有间公寓51弄,1,"121.530749,31.289971"
庆安三村,6,"121.539416,31.288105"
庆安四村,1,
庆安一村,113,"121.435777,31.407545"
庆安苑,1,
土墩村,1,"121.142293,30.800678"
区杨东村,1,"121.463616,31.386655"
曲阳路,2,"121.492646,31.270572"
泉安实业有限公司,1,"121.398668,31.463538"
人民街78弄,1,"121.245426,31.381843"
人民路,1,"121.171150,30.904101"
仁德路400弄,2,"121.483176,31.302776"
戎德苑66弄,1,
乳山三村,1,"121.519766,31.233212"
瑞丰路456弄,1,"121.375316,31.318650"
瑞虹路25弄,1,"121.497457,31.260722"
润阳名邸,1,
润杨名邸,3,"121.445240,31.375356"
三里桥村,1,
三林镇杨思路855弄,1,"121.499668,31.164789"
三泉路,1,"121.438119,31.331880"
三泉路1859弄,2,"121.435284,31.332707"
三泉路999弄,1,"121.439244,31.318974"
沙浦路128弄,4,"121.388523,31.356735"
沙浦路311弄,3,"121.387168,31.355448"
沙浦路518弄,1,"121.382208,31.356115"
山11村,1,"121.426359,31.171832"
上大路1288弄,1,"121.384399,31.308595"
上大路65弄,1,"121.403759,31.313004"
上钢二村,1,"121.493501,31.175733"
上钢七村,1,"121.492001,31.176334"
上钢新村,1,"121.478910,31.174594"
上岗村,1,
上海共康路400弄,1,"121.438302,31.320353"
上海涵清路398弄,1,
上海沪太路8885号190弄,1,"121.460283,31.261494"
上海菊泉街577弄,1,"121.374161,31.357256"
上海美康路39弄,1,"121.333792,31.394278"
上海市宝山区聚丰园路188弄,1,"121.384935,31.313569"
上海市崇明区长兴镇金淼路899弄,1,"121.696589,31.383610"
上海市杭州路,1,"121.535562,31.262375"
上海市虹口区四平路827弄,1,"121.500139,31.274711"
上海市虹口区玉田路407弄,1,"121.487835,31.279369"
上海市黄浦区董家渡路450弄,1,"121.499000,31.215025"
上海市黄浦区马当路301弄,1,"121.475489,31.215597"
上海市嘉定区华亭镇华旺路888弄,1,"121.284077,31.473637"
上海市嘉定区淞阳路801弄,1,"121.231114,31.282702"
上海市嘉定区西秋竹路118弄,1,"121.220791,31.380627"
上海市静安区新村路,1,"121.430946,31.266882"
上海市静安区闫安平路123弄,1,"121.447348,31.227718"
上海市罗店镇罗芬路555弄,1,"121.355240,31.400584"
上海市浦东新区三林镇板泉路2000弄,1,"121.530012,31.166142"
上海市浦东新区五星路727弄,1,"121.576842,31.177310"
上海市普陀区富平路299弄,1,"121.415914,31.262839"
上海市普陀区桃浦新村,1,"121.350784,31.282638"
上海市普陀区真光路798弄,1,"121.376606,31.236980"
上海市普陀区真光路962弄,1,"121.381518,31.238969"
,244,
上海市徐汇区华泾路880弄,1,"121.447107,31.121405"
上海市徐汇区天钥桥路69弄,1,"121.441592,31.193923"
上海市徐汇区田林路89弄,1,"121.419104,31.169859"
上海市杨浦区国年路65弄,1,"121.509587,31.290834"
上海市杨浦区国伟路58弄,1,"121.537858,31.333266"
上海市杨浦区平凉街道江浦路160弄,1,"121.530890,31.254638"
上海市长宁区愚园路1249弄,1,"121.425704,31.218672"
上海寿阳路99弄,1,"121.458570,31.295773"
上海竹韵路128弄,1,"121.444155,31.365525"
上南八村,1,"121.502622,31.172536"
韶嘉路51弄,1,"121.476988,31.300042"
韶山路418弄,1,"121.366755,31.365476"
韶山路419弄,1,"121.364063,31.364372"
申浦路,1,"121.415200,31.420559"
申浦路166弄,12,"121.415737,31.422529"
申浦路332弄,1,"121.412501,31.425381"
莘沥路128弄,1,"121.374583,31.112601"
莘沥路512弄,1,"121.366909,31.109002"
莘松路958弄,2,"121.358859,31.101645"
莘西南路400弄,1,"121.376985,31.099192"
沈家桥,25,"121.326419,31.466678"
沈家桥村,14,"121.394892,31.447085"
沈家宅,2,"121.521360,31.189496"
沈巷村307弄,3,"121.412586,31.418867"
沈巷村塘北88弄,1,
沈巷塘北,3,"121.406706,31.422361"
沈巷塘南,6,"121.406832,31.421507"
沈巷新村,4,"121.411079,31.418140"
沈阳路123弄,1,"121.534641,31.261151"
沈鹰路,1,"121.357581,31.370206"
胜竹路1828弄,1,"121.254990,31.403168"
盛桥二村,47,"121.402058,31.451556"
盛桥古莲路358弄,1,"121.402623,31.447946"
聚源桥村夹弄,4,"121.389085,31.443388"
盛桥明星苑58弄,1,
盛桥三村,83,"121.400907,31.450196"
石太路86弄,4,"121.400778,31.454442"
盛桥四村,37,"121.404092,31.449662"
盛桥新村,1,"121.404521,31.454637"
盛桥新丰三墩30弄,1,"121.398879,31.454291"
盛桥新苑桃园258弄,1,
盛桥新月明星苑58弄,1,
盛桥新月明月园,4,"121.402899,31.446050"
盛桥新月明珠园150弄,10,"121.399039,31.446311"
盛桥一村,54,"121.402884,31.451148"
盛石路,9,"121.407177,31.459612"
盛世花园,5,"121.405672,31.447193"
盛星村,5,"121.379208,31.444927"
施钱路,1,"121.253877,31.429472"
十村,1,"121.420765,31.173173"
石岚新村,1,"121.446780,31.208448"
石马寨村,1,"121.695938,31.034416"
石门二路,2,"121.458515,31.237324"
石桥河村,1,
石泉街道府村路115弄,1,"121.417812,31.255273"
石泉路450弄,1,"121.415761,31.247432"
石太路,16,"121.373096,31.440182"
石太路3512弄,2,"121.343369,31.429525"
石太路351弄,1,"121.394258,31.451107"
石西路,1,"121.586817,31.438171"
时代家园,2,"121.411772,31.423016"
市光路,1,"121.514408,31.312980"
市光三村,1,"121.541092,31.318513"
市光四村,2,"121.532672,31.319669"
市一路,1,"121.363374,31.420592"
市一路153弄,1,"121.349275,31.414250"
市一路178弄,2,"121.348137,31.416457"
事处严村,1,
疏影路711弄,2,"121.368492,31.119848"
竖南村,1,"121.569053,31.578506"
竖西村,1,"121.587145,31.586697"
双城路,1,"121.485985,31.386545"
双城路803弄,1,"121.485248,31.389053"
双单路1509弄,1,"121.252026,31.326770"
双辽支路65弄,1,"121.515987,31.269418"
双辽支路70弄,1,"121.516435,31.271634"
双庆路85弄,5,"121.487872,31.389334"
双泉路,2,"121.432080,31.418933"
双山路167弄,2,"121.423693,31.263203"
双山路55弄,1,"121.425402,31.259607"
双生村,1,"121.460622,31.220124"
双油坊村,1,
水产路,4,"121.448409,31.368477"
水产路2600弄,7,"121.442931,31.365043"
水产路2700弄,1,"121.440039,31.361658"
水产路2900弄,3,"121.435785,31.362244"
水产路489弄,1,"121.496178,31.386535"
水产路991弄,2,"121.492469,31.386347"
香逸湾,4,"121.446183,31.363765"
水产西路268弄,1,"121.428028,31.359257"
水产西路489弄,10,"121.422109,31.358863"
水产西路729弄,1,"121.417467,31.358093"
水产西路859弄,3,"121.413007,31.356485"
水城路,1,"121.390063,31.216286"
水电路1200弄,1,"121.475787,31.288820"
水电路818弄,1,"121.476379,31.286474"
水库村,1,"121.396490,30.824448"
水上新村,1,"121.488478,31.409489"
水寨门村,1,
顺和村,1,
顺义路,1,"121.419407,31.230849"
四方花园1099弄,1,
四平路,2,"121.491335,31.264406"
四塘新村,1,"121.446534,31.207631"
四溏三村,1,"121.511364,31.271500"
四元路,4,"121.434670,31.413780"
四元路20弄,123,"121.434776,31.412939"
四元路360弄,40,"121.423631,31.412795"
月泉湾269弄,7,"121.426939,31.409785"
四元路366弄,30,"121.423739,31.412966"
泗东新村,1,"121.484400,31.367834"
泗泾镇城置路282弄,1,"121.244485,31.115947"
泗塘八村,2,"121.457207,31.329815"
泗塘二村,6,"121.455633,31.335956"
泗塘六村,2,"121.457923,31.332192"
泗塘七村,3,"121.498657,31.396025"
泗塘三村,2,"121.457682,31.335141"
泗塘四村,2,"121.460309,31.336673"
泗塘五村,2,"121.461686,31.333007"
泗塘新村,1,"121.454006,31.338750"
泗塘一村,5,"121.453873,31.338589"
松傲路,1,"121.438897,31.389526"
松花江路,1,"121.498099,31.293117"
松江区古楼公路1198弄,1,"121.251867,31.105758"
松江区九亭镇伴亭路888弄,1,"121.316343,31.131316"
松江区九亭镇沪松公路1399弄,1,"121.321788,31.137727"
松江区月台路555弄,1,"121.328677,31.072109"
松兰路,1,"121.448205,31.372928"
松兰路1166弄,20,"121.444913,31.383962"
松兰路1169弄,7,"121.442411,31.384743"
松兰路198弄,3,"121.451982,31.368286"
松兰路233弄,1,"121.448771,31.370725"
松兰路507弄,3,"121.447401,31.374612"
淞宝路,1,"121.500074,31.385646"
淞宝路4258弄,1,"121.495416,31.399826"
淞滨路,1,"121.494402,31.372558"
淞滨路110弄,2,"121.497877,31.374052"
淞滨路810弄,2,"121.489508,31.370027"
淞发路500弄,1,"121.489819,31.342177"
淞南7村,1,"121.498199,31.396214"
淞南八村,3,"121.480629,31.334708"
淞南九村,1,"121.496102,31.400235"
淞南路1169弄,1,"121.490062,31.348687"
淞南路211弄,4,"121.495035,31.343010"
淞南三村,1,"121.490890,31.344789"
淞南十村,1,"121.482393,31.336023"
淞南四村,1,"121.492294,31.345365"
淞南一村,1,"121.421580,31.235543"
淞肇路,1,"121.483002,31.340721"
宋石村,1,"121.241389,31.161221"
苏家浜路388弄,6,"121.391272,31.363175"
苏家浜路435弄,1,"121.391879,31.359847"
苏家村,1,"121.341130,31.491484"
苏桥村,1,
绥化路,10,"121.437747,31.407018"
绥化路158弄,12,"121.431778,31.405647"
绥化路1815弄,1,"121.427654,31.406008"
绥化路201弄,58,"121.431828,31.407265"
绥化路228弄,6,"121.432266,31.405709"
绥化路265弄,45,"121.428067,31.406151"
绥化路268弄,1,"121.428291,31.406130"
绥化路50弄,71,"121.436495,31.404738"
绥化路52弄,88,"121.435692,31.405312"
塔城路450弄,1,"121.245356,31.380186"
塔虹路,1,"121.407441,31.422568"
塔源路220号,1,"121.399814,31.448698"
塔源路皖兆商会,1,"121.397699,31.453649"
新丰花苑,3,"121.400484,31.452858"
塔源路150弄,80,"121.398138,31.446113"
塔源路258弄,29,"121.399624,31.449025"
塔源路300弄,7,"121.396589,31.449257"
塔源路302弄,82,"121.395502,31.450869"
塔源路58弄,60,"121.400682,31.444345"
塔源路明珠园,1,"121.400859,31.446611"
太平村,1,"121.460622,31.220124"
太原路,1,"121.455920,31.203414"
泰和路,3,"121.486267,31.371322"
泰和西路2038弄,1,"121.437912,31.355207"
泰和西路3381弄,4,"121.407142,31.350296"
泰和西路3463弄,2,"121.404353,31.350539"
泰和西路3499弄,3,"121.402556,31.350097"
泰和新城,1,"121.406170,31.351461"
泰和新城3463弄,1,"121.405474,31.351407"
谭杨村,2,"121.332961,31.376301"
唐山路778弄,1,"121.508196,31.258367"
唐西街213弄,1,
唐镇路138弄,1,"121.650775,31.207243"
堂行政村,1,
塘后路203弄,1,"121.504793,31.392083"
塘后路285弄,5,"121.504752,31.396587"
塘泾北苑,1,"121.445267,31.045200"
塘南街,2,"121.430754,31.419431"
塘祁路,1,"121.392470,31.330926"
塘湾村,6,"121.311491,31.487797"
塘西街,2,"121.342869,31.414219"
塘西街398弄,2,"121.340200,31.421713"
桃源路,1,"121.481073,31.224838"
陶集村,1,
特种新村,1,"121.413704,31.400621"
天池洼村,1,
天峰路,1,"121.130393,31.075118"
天家路116弄,1,"121.339810,31.384714"
天家路200弄,4,"121.337913,31.384845"
天目中路749弄,3,"121.461563,31.247310"
蕰川路1498弄,20,"121.431127,31.363310"
天山路,1,"121.382011,31.217226"
天星村,2,
天钥桥路,1,"121.441903,31.193697"
田东路,1,"121.440061,31.173368"
田东路258弄,1,"121.437912,31.174498"
铁城路,1,"121.451896,31.356528"
铁峰路,4,"121.456485,31.397228"
铁峰路友谊家园,14,"121.457070,31.397164"
铁峰路2000弄,12,"121.453103,31.396060"
铁峰路2001弄,7,"121.455812,31.397028"
铁峰路2268弄,8,"121.451908,31.400951"
铁力路,5,"121.480747,31.366933"
铁山路,9,"121.469033,31.359824"
铁印路,1,"121.443583,31.401461"
亭东村,1,"121.334056,30.873140"
华亭镇联一村,2,"121.302021,31.486993"
通河八村,5,"121.447569,31.329509"
通河二村,6,"121.450314,31.333451"
通河九村,3,"121.446596,31.326947"
通河六村,1,"121.451772,31.330975"
通河七村,1,"121.452041,31.329248"
通河三村,1,"121.443970,31.334426"
通河四村,3,"121.445121,31.331135"
通河一村,6,"121.447108,31.333801"
同济公寓,2,"121.472096,31.406660"
同济路1111弄,3,"121.477571,31.404534"
同济新村,1,"121.508867,31.283524"
同嘉路35弄,1,"121.490220,31.258452"
同鸣路206弄,1,"121.476726,31.269574"
同润家园,1,"121.357753,31.089660"
同泰北路227弄,1,"121.494152,31.378925"
同泰北路403弄,1,"121.493669,31.380885"
铜川路1781弄,1,"121.386501,31.251887"
铜仁路314弄,1,"121.449536,31.227719"
团结村,2,"121.424503,31.675432"
团山子村,1,
陀区新村,2,"121.426559,31.264861"
外冈沪宜公路,1,"121.170912,31.368606"
宛南六村,2,"121.446980,31.178956"
宛平南路,2,"121.445923,31.195589"
宛平南路255弄,1,"121.446903,31.193218"
宛平南路921弄,2,"121.453043,31.182785"
万科启宸,1,"121.337309,31.435398"
万科四季花城,4,"121.444281,31.383945"
万昇家园,3,"121.426742,31.407050"
万业紫辰苑,8,"121.445509,31.224270"
万业紫宸苑,3,"121.445743,31.224221"
汪六楼村,1,
王家村,38,"121.386389,31.387299"
王家路200弄,1,"121.548562,30.949548"
王庄村,1,
旺山村,1,
威海路,1,"121.468543,31.227326"
潍坊四村,1,"121.524164,31.218283"
纬地路88弄,2,"121.404272,31.327817"
纬地路99弄,1,"121.404861,31.324929"
卫星村,1,"121.088657,30.888748"
渭西村,1,
蕰川公路,2,"121.412804,31.436667"
蕰川路,43,"121.429184,31.379899"
蕰川路1623弄,2,"121.432034,31.369481"
蕰川路1496弄,1,"121.428757,31.362829"
蕰川路1625弄,16,"121.432962,31.369256"
蕰川路2488弄,7,"121.422372,31.391564"
蕰川路5350弄,2,"121.408230,31.444689"
文星桥村,1,
汶水东路298弄,1,"121.482263,31.289736"
乌庙村,1,
吴淞三村,3,"121.495790,31.370504"
吴兴路,1,"121.445244,31.199493"
吴兴路246弄,1,"121.444410,31.201121"
吴兴路25弄,1,"121.442619,31.205352"
五潭渡村,1,
五岳宫村,1,"121.621436,31.103637"
武东路,1,"121.491859,31.304576"
武进路,1,"121.485208,31.252185"
武双路,3,"121.310395,31.478599"
武双路299弄,1,"121.308753,31.471384"
武威东路479弄,2,"121.399877,31.275335"
武威路1019弄,1,"121.355883,31.277446"
武威路1087弄,2,"121.352568,31.281110"
武威路1236弄,1,"121.346460,31.283169"
物华路118弄,1,"121.493962,31.259975"
西大宋村,1,"121.126277,31.017046"
西耿村,1,
西康路,1,"121.444151,31.237939"
西凌家宅路27弄,1,"121.487357,31.204607"
西毛宅,2,"121.388940,31.404114"
西泰林路480弄,1,"121.534591,31.147926"
西行政村,1,
西营南路67弄,1,"121.484898,31.157326"
霞溪村,1,
下朱村,1,
夏府村,1,
县富强村,1,"121.650089,31.610255"
县新国村,1,"121.300503,31.836107"
崇潼村,2,
定顺村,1,"121.241389,31.161221"
东吴村,1,
东兴村,1,"121.873021,31.322044"
丰乐村,2,"121.848364,31.323304"
公平村,1,"121.836632,31.322967"
贵山村,1,
海鸿村,1,"121.839434,31.306771"
建新村,1,"121.633765,31.425262"
江海村,1,"121.824850,31.372447"
刘范村,1,
民东村,2,"121.859907,31.356410"
民建村,1,"121.865742,31.348660"
民永村,1,"121.850200,31.348213"
藕塘村,1,"121.300061,31.379556"
潘小村,1,
祁庙村,1,
上丁村,1,
双桥村,1,"121.810693,31.014320"
万发村,1,
王祠村,1,
吴宅村,1,
武功村,1,
西岩村,1,
峡门村,1,"121.292204,31.755358"
夏庙村,1,
先进村,1,"121.689171,31.392051"
新北村,1,"121.838068,31.344427"
新春村,1,"121.822866,31.332404"
新联村,3,"121.184097,31.208727"
新永村,2,"121.852616,31.335710"
兴隆村,1,"121.850444,31.304439"
兴胜村,1,"121.863379,31.312760"
育才村,1,"121.427558,31.086170"
张迁村,1,
香泉路85弄,2,"121.412954,31.264111"
香樟路,1,"121.358259,31.234680"
祥德路274弄,1,"121.489097,31.272931"
翔殷路,1,"121.534239,31.305570"
向东路,1,"121.381264,31.389289"
向阳村,1,"121.110179,31.207098"
向阳新村,2,"121.342412,31.413937"
萧云路,6,"121.332639,31.455436"
萧云路1318弄,7,"121.331722,31.455997"
萧云路88弄,7,"121.332516,31.453887"
萧云路99弄,8,"121.337397,31.436978"
小集村,1,
小营头村,1,"121.322922,30.833752"
肖泾村,11,"121.323482,31.466031"
协西村,1,"121.411944,31.702579"
斜土路,1,"121.441210,31.184266"
欣苑2村,1,
新岸村,1,"121.237463,30.887972"
新川沙路,2,"121.335433,31.470406"
新川沙路503弄,2,"121.346634,31.478551"
新村路285弄,1,"121.434389,31.266783"
新村乡,1,"121.331861,31.831287"
新二路183弄,1,"121.475548,31.325229"
新丰村,1,"121.702190,31.156803"
新丰小区,1,
新风中路899弄,1,"121.083654,31.134300"
新港街道天镇路70弄,1,"121.498863,31.267904"
新顾村大家园B区13弄,1,"121.426604,31.228148"
新海农场,1,"121.294624,31.816563"
新建公路,1,"121.218819,31.767874"
新林路1288弄,1,
新龙路69弄,1,"121.629148,31.318580"
新陆村,7,"121.376653,31.376684"
新绿街,1,"121.066050,30.931420"
新市北路1501弄,2,"121.481323,31.304840"
新市南路1141弄,1,"121.481029,31.298178"
新陶路,1,"121.333975,31.470474"
新徐村,1,
新园路508号509弄,1,"121.125593,31.175448"
新月鸿锦苑,2,"121.413573,31.420695"
新月丽苑,4,"121.431813,31.408151"
新月明星园,5,"121.399510,31.444738"
新月明珠园,1,"121.397747,31.446110"
新月时代家园,5,"121.425728,31.402263"
新镇村,1,"121.569138,31.129698"
新镇宅,3,"121.397548,31.416432"
星溪头村,1,
星星村,1,"121.379871,31.040664"
行合建村,1,"121.762506,31.170595"
兴工路,1,"121.756218,31.522348"
秀沿路867弄,1,"121.569988,31.137870"
徐汇区田林东路414弄,1,"121.425686,31.173749"
徐汇区斜土路2200弄,1,"121.449739,31.192165"
徐家汇路,1,"121.470402,31.206169"
徐路老街,1,"121.654092,31.313238"
宣黄公路,1,"121.734219,31.025394"
勋业东路,1,"121.221903,31.129095"
洵阳新村,1,"121.416634,31.247085"
延安西路,3,"121.433778,31.215408"
延吉六村,2,"121.536385,31.289292"
延长西路40弄,1,"121.442286,31.264522"
闫庄村,1,
阳城路280弄,1,"121.425925,31.284558"
阳城路283弄,1,"121.428296,31.282453"
阳曲路1111弄,1,"121.459504,31.324548"
阳曲路470弄,1,"121.461135,31.314226"
阳曲路501弄,1,"121.459400,31.314522"
阳曲路50弄,1,"121.460292,31.306572"
阳曲路65弄,1,"121.460249,31.306887"
阳曲路760弄,1,"121.460890,31.318617"
杨北村396弄,1,"121.357539,31.482762"
杨北路,5,"121.405922,31.384062"
杨北路185弄,5,"121.411271,31.393264"
杨北路395弄,2,"121.409905,31.392623"
杨北新村,1,
杨北支路,1,"121.416015,31.396792"
杨家宅,3,
杨南路,22,"121.398881,31.400423"
杨南路399弄,4,"121.404484,31.402765"
杨浦区国安路738弄,1,"121.505024,31.319606"
杨浦区双阳北路395弄,1,"121.524743,31.298887"
杨浦区翔殷路932弄,1,"121.521880,31.303890"
杨浦区延吉街道控江路645弄,1,"121.540500,31.282761"
杨浦区殷行街道殷行路307弄,1,"121.537099,31.328406"
杨浦区殷行路47弄,1,"121.542789,31.326503"
杨浦区政肃路45弄,1,"121.508088,31.294330"
杨浦区政通路285弄,1,"121.511259,31.300806"
杨桥村,1,
杨泰二村,30,"121.441544,31.369593"
杨泰北路,1,"121.429814,31.386127"
杨泰路,2,"121.429300,31.393078"
杨泰路2158弄,41,"121.429622,31.396314"
杨泰路268弄,1,"121.439574,31.379204"
杨泰路328弄,1,"121.441156,31.371337"
杨泰路338弄,2,"121.440309,31.372179"
杨泰路55弄,1,"121.450650,31.363514"
杨泰路66弄,1,"121.449306,31.363471"
杨泰路99弄,5,"121.449949,31.365270"
杨泰三村,48,"121.438483,31.379946"
杨泰新村,1,"121.489431,31.405242"
杨泰一村,1,"121.423287,31.236681"
杨泰一村3184弄,1,"121.439921,31.373629"
杨桃路3288弄,1,"121.438610,31.372097"
杨圩村,1,
杨鑫佳苑,12,"121.446603,31.372166"
杨鑫路,6,"121.450301,31.372010"
杨鑫路328弄,1,"121.439508,31.368531"
杨鑫路451弄,1,"121.435014,31.366977"
杨鑫路90弄,1,"121.450681,31.372156"
杨鑫路98弄,7,"121.450984,31.370626"
杨行东街,1,"121.442869,31.377121"
江杨北路2501弄,1,"121.435088,31.416559"
杨行街道蕴州路2488弄,1,
杨行西街村新桥473弄,1,"121.435793,31.375123"
杨行镇淞南路198弄,1,"121.489578,31.340867"
杨行镇杨北185弄,1,"121.424564,31.335064"
杨行镇杨桃路185弄,1,"121.438731,31.372138"
杨行镇竹韵路128弄,1,"121.444169,31.365528"
杨宗路,18,"121.415105,31.388249"
杨宗路严江巷,2,"121.410642,31.388276"
洋桥村,3,"121.305766,31.496245"
叶城路505弄,3,"121.264237,31.370424"
一二八纪念路55弄,1,"121.466283,31.329532"
一二八纪念路688弄,1,"121.453230,31.325793"
依安路39弄,1,"121.427554,31.367394"
依玛路389弄,1,"121.248256,31.353901"
宜川六村,1,"121.440237,31.259009"
宜川路,1,"121.436033,31.268912"
宜山路50弄,1,"121.430826,31.191978"
益文路101弄,1,"121.410811,31.136997"
逸仙路,2,"121.497490,31.359959"
逸仙路1238弄,1,"121.479802,31.314927"
殷高西路331弄,1,"121.474841,31.321894"
殷行街道殷行路305弄,1,"121.541582,31.327928"
殷行路,1,"121.529936,31.328890"
殷行路451弄,1,"121.537577,31.327193"
殷行路850弄,2,"121.524715,31.329058"
银都路,1,"121.433213,31.103649"
银山路115弄,1,"121.577995,31.245030"
银山路72弄,1,"121.578462,31.242790"
寅北村,1,
英家塬村,1,
迎园一坊,1,"121.267325,31.380309"
盈港东路3188弄,1,"121.242215,31.170121"
营口路789弄,1,"121.531137,31.299998"
影园路,1,"121.442305,31.375076"
永丰村,1,"121.564787,31.628558"
永福村,1,"121.460622,31.220124"
永靖路899弄,1,"121.256169,31.406092"
永乐路,1,"121.501879,31.397883"
永前村,1,
永清二村,2,"121.503561,31.394016"
永清路,1,"121.494408,31.395724"
永清路335弄,1,"121.496820,31.389248"
永清路999弄,2,"121.491086,31.398802"
永清新村,4,"121.497866,31.391364"
永顺路81弄,1,"121.348901,31.412128"
永业路94弄,1,"121.615796,31.265132"
友间公寓,3,"121.462625,31.407299"
友谊街道塘后路285弄,1,"121.504563,31.397560"
友谊康苑,2,"121.452778,31.401831"
友谊路,15,"121.447279,31.391150"
海尚明城,9,"121.447733,31.394191"
友谊路1538弄,2,"121.457836,31.392302"
友谊路1588弄,1,"121.454241,31.393264"
友谊路1819弄,1,"121.449172,31.391692"
友谊路1869弄,34,"121.445778,31.393429"
友谊路186弄,1,"121.480010,31.403588"
友谊路1999弄,6,"121.447454,31.391204"
友谊路2858弄,1,"121.435734,31.382699"
友谊路街道牡丹江路2088弄,1,"121.483290,31.402825"
友谊路街道双城路二弄,1,"121.505986,31.394626"
友谊三村,1,"121.477940,31.283628"
丽都广场,2,"121.435202,31.385100"
友谊西路,5,"121.421564,31.380423"
友谊西路588号,1,"121.417076,31.379519"
友谊新村,2,"121.620056,31.540783"
友谊一村,1,"121.478920,31.284870"
友谊苑,3,"121.448978,31.400753"
友云路,1,"121.450226,31.389917"
愚园路,2,"121.436912,31.221210"
玉环新村,1,"121.409116,31.629688"
玉兰一村,1,"121.160482,31.298338"
玉田新村,1,"121.494931,31.278251"
育新村,1,"121.231453,31.782973"
裕安村,1,"121.833480,31.533695"
裕国路581弄,1,"121.839022,31.522212"
园和路,20,"121.409925,31.414733"
圆展路120弄,1,"121.777629,31.358935"
远洋香奈,1,
远洋悦庭,1,"121.429305,31.394837"
月城路,2,"121.434558,31.376647"
月城路1179弄,1,"121.427299,31.391530"
月城路299弄,3,"121.433711,31.377886"
月城路300弄,5,"121.434726,31.378628"
月川路,13,"121.406072,31.445588"
月川路33弄,51,"121.406856,31.446632"
月春路,6,"121.389282,31.410989"
月丰路,1,"121.392191,31.414766"
月富路,2,"121.410622,31.429961"
阳光美林,2,"121.410404,31.426289"
月富路55弄,64,"121.412285,31.429520"
月富路128弄,1,"121.410939,31.427957"
月富路218弄,47,"121.410614,31.427355"
中冶锦园,60,"121.409872,31.428911"
月辉路,1,"121.436717,31.391283"
月辉路108弄,1,"121.438722,31.388211"
月辉路168弄,3,"121.437655,31.390538"
月辉路218弄,3,"121.436768,31.391406"
月罗公路,29,"121.382135,31.416589"
朱家宅,1,"121.395082,31.416826"
月罗公路259弄,1,"121.414055,31.421055"
月罗公路300弄,4,"121.411640,31.418649"
月罗公路307弄,5,"121.411058,31.418541"
月罗公路888弄,1,"121.395004,31.411442"
月罗公路束里桥51弄,1,"121.374428,31.417014"
月罗路,14,"121.372112,31.416972"
月罗路2333弄,3,"121.352339,31.411975"
月罗路2425弄,1,"121.366568,31.414869"
月罗路259弄,27,"121.413974,31.420565"
月罗路300弄,8,"121.411806,31.416516"
月罗路307弄,28,"121.411304,31.418595"
月浦218弄,2,
月浦八村,396,"121.426024,31.416042"
月浦春雷路3321弄,1,"121.433604,31.412618"
月浦徳都路269弄,1,
月浦二村,42,"121.428019,31.419493"
月浦九村,176,"121.423105,31.414583"
月浦乐业五村218弄,2,"121.423621,31.410349"
月浦乐业五村360弄,1,"121.423686,31.412158"
月浦六村,100,"121.422061,31.418834"
月浦七村,99,"121.422850,31.417526"
月浦三村,163,"121.427857,31.418110"
月浦盛桥鹤林路298弄,1,"121.399574,31.453200"
月浦十村,190,"121.430817,31.414786"
月浦四村,105,"121.424590,31.418038"
月浦四元路186弄,1,"121.428309,31.413771"
月浦绥化路,1,"121.435411,31.406785"
月浦绥化路258弄,1,"121.429423,31.405842"
月浦五村,144,"121.426982,31.418518"
月浦园和路,1,"121.404133,31.410412"
月浦月富路218弄,1,"121.410573,31.427461"
月浦月宁路88弄,1,"121.414310,31.428003"
月浦镇春雷路413弄,1,"121.434266,31.411354"
顾泾河路14弄,3,"121.402707,31.453836"
月浦镇鹤林路158弄,1,"121.402334,31.450173"
月浦镇乐业五村360弄,1,"121.424100,31.412258"
月浦镇毛家路125弄,1,"121.391242,31.420101"
月浦镇四元路36弄,1,"121.434050,31.413121"
月浦镇绥化路168弄,1,"121.432566,31.406135"
月浦镇绥化路216弄,1,"121.431682,31.406371"
月浦镇绥化路庆安苑50弄,1,"121.436675,31.406309"
塔源路250弄,1,"121.399540,31.450313"
月浦镇月丰路十弄,1,"121.393948,31.412064"
月铺五村,1,"121.397808,31.415865"
月铺八村,2,"121.397808,31.415865"
月泉路58弄,5,"121.415161,31.421864"
月盛路,2,"121.412778,31.431319"
月狮村,53,"121.390305,31.445553"
月石村,2,"121.026943,30.867876"
月塘路,3,"121.411187,31.423020"
月塘路宝月花园268弄,3,"121.414735,31.424833"
月新北路,4,"121.395296,31.423616"
月新南路,6,"121.397771,31.414171"
云集公寓,1,"121.398746,31.075451"
云林路,2,"121.395357,31.449380"
云市村,1,
云天路,3,"121.393004,31.461644"
运西村,1,
蕴川?1438弄,1,
蕴川公路,1,"121.374664,31.468786"
蕴川路,5,"121.429031,31.377997"
蕴川路1438弄,5,"121.429267,31.360494"
蕴川路1623弄,1,"121.433314,31.368908"
蕴川路1625弄,6,"121.431400,31.360515"
蕴川路2488弄,3,"121.420720,31.392502"
蕴川路5575弄,1,"121.405669,31.453394"
灶民义村,1,"121.699677,31.127566"
闸北区宝山路街道芷江中路141弄,1,"121.467993,31.258213"
闸北区保德路1316弄,1,"121.442457,31.315286"
闸北区共和新路街道洛川中路1100弄,1,"121.449975,31.263352"
闸北区灵石路739弄,1,"121.436265,31.286677"
闸北区阳泉路345弄,2,"121.462693,31.312547"
闸断路81弄,1,
闸殷路195弄,1,"121.528307,31.329812"
乍浦路街道七浦路104弄,1,"121.482754,31.244985"
张渡村,1,
张江镇益江路126弄,1,"121.634064,31.202316"
张江镇祖冲之路2288弄,1,"121.626041,31.210424"
张桥新村,1,"121.354563,31.411632"
张墅村,1,"121.332146,31.383937"
张寨村,1,
长安路,2,"121.451755,31.247066"
长春村,97,"121.388523,31.407429"
长岛路1203弄,1,"121.593488,31.262413"
长岛路1560弄,1,"121.602819,31.265713"
长发路,2,"121.327221,31.465439"
长发路889弄,2,"121.325494,31.470898"
长海街道包头南路588弄,1,"121.540250,31.300371"
长虹路,1,"121.328723,31.471959"
长虹路718弄,4,"121.328315,31.475268"
长建路,4,"121.340401,31.471254"
长江路,1,"121.494417,31.353040"
长江南路245弄,1,"121.486442,31.334958"
长橘路500弄,1,"121.695838,31.396669"
长乐一村,1,"121.415338,31.760760"
长临路1318弄,1,"121.430363,31.329975"
长宁路1302弄,1,"121.412682,31.219956"
长宁路209弄,1,"121.428887,31.225421"
长兴丰福路599弄,1,"121.707134,31.382907"
长兴江南大道,1,"121.738433,31.369662"
长兴镇丰福路599弄,1,"121.706568,31.382444"
长兴镇金滂路759弄,1,"121.700288,31.384433"
长兴镇渔傲路132弄,2,"121.769588,31.357822"
长兴镇长兴家园699弄,1,"121.675728,31.392986"
长阳路1969弄,1,"121.539574,31.272573"
长逸路301弄,1,"121.490990,31.338220"
长逸路388弄,1,"121.490390,31.337026"
长源村,1,
长征街道大渡河路1400弄,1,"121.395974,31.239717"
长征新村,3,"121.491994,31.370024"
招商海德名门,3,"121.420129,31.390938"
赵家一宅,2,"121.316581,31.155524"
真北路1817弄,1,"121.389282,31.250333"
真北路4333弄,2,"121.404843,31.293349"
真如镇桃浦路300弄,1,"121.394890,31.263557"
爱民村,1,"121.312848,31.704033"
安庄村,1,"121.725432,31.070196"
鳌山村,1,"121.424614,31.611567"
浜西村,1,"121.491889,31.654704"
保安村,1,"121.369986,31.762325"
堡北村,1,"121.629519,31.570791"
堡渔村,1,"121.606235,31.532061"
北东村,1,"121.410112,31.389139"
北金村,2,"121.357977,31.384976"
北中村,10,"121.438297,31.364479"
陈家宅,1,"121.326419,31.466678"
陈南村,1,"121.806633,31.498756"
晨光村,1,"121.793311,31.519512"
崔湾村,1,"121.238048,30.909363"
大同村,2,"121.489239,31.628597"
大兴村,1,"121.752203,31.382167"
代千村,1,"121.142293,30.800678"
德都路128弄,1,"121.427883,31.406492"
德都路219弄,1,"121.423723,31.410331"
德都路339弄,1,"121.423703,31.416012"
丁谢村,2,"121.460721,31.219736"
樊家村,1,"121.299112,31.333014"
丰产村,2,"121.704185,31.386038"
凤池村,1,"121.241389,31.161221"
富国村,1,"121.648476,31.599424"
光荣村,1,"121.681618,31.411576"
海陆村,3,"121.391391,31.444352"
合兴村,1,"121.700339,31.581417"
合众村,1,"121.349656,31.460710"
何桥村,3,"121.275918,31.425485"
花仓村,1,"121.731759,31.517043"
惠军村,1,"121.688616,31.609433"
惠中村,1,"121.690144,31.599511"
集贤村,1,"121.696351,30.913247"
金桥村,5,"121.531761,31.591837"
孔庄村,1,"121.460622,31.220124"
李家村,1,"121.331945,31.347321"
联一村,1,"121.302043,31.479681"
绿港村,1,"121.224578,31.738044"
猛西村,1,"121.361252,31.746803"
庙南村,1,"121.335133,31.698826"
木牌村,2,"121.292204,31.755358"
聂家村,1,"121.238048,30.909363"
镇宁路,1,"121.434099,31.222019"
平安村,2,"121.318305,31.743054"
镇坪路,1,"121.429186,31.249576"
镇坪路48弄,1,"121.428847,31.250717"
齐南村,2,"121.751930,31.575689"
钱沟村,1,"121.513436,31.105585"
强民村,1,"121.541263,31.600815"
三协村,1,"121.278450,31.768100"
三星村,1,"121.446173,31.651648"
石沙村,1,"121.589927,31.438634"
时桥村,1,"121.570696,31.594899"
拾年村,1,"121.341130,31.491484"
双观村,1,"121.298322,30.803189"
双菱村,1,"121.024272,30.967064"
双塘村,1,"121.235375,31.476757"
苏民村,1,"121.549719,31.072062"
镇泰路211弄,5,"121.442451,31.382553"
镇泰路308弄,2,"121.439205,31.382685"
镇泰路388弄,6,"121.435431,31.380875"
桃源村,2,"121.600861,31.533256"
同兴村,1,"121.292204,31.755358"
头桥村,1,"121.241389,31.161221"
湾南村,1,"121.377391,31.661959"
万隆村,1,"121.804753,30.960188"
万元村,1,"121.294977,31.812226"
五里村,1,"121.300061,31.379556"
西门村,1,"121.388466,31.621939"
响哃村,1,"121.621509,31.616704"
萧泾村,1,"121.327474,31.464649"
协进村,1,"121.290970,31.750617"
新港村,1,"121.443148,31.737052"
新光村,1,"121.533468,31.707426"
新建村,1,"121.560226,31.611567"
新路111弄,1,"121.442065,31.379739"
新苗村,1,"121.316116,31.483445"
星火村,1,"121.452830,31.364366"
行南村,1,"121.427781,31.116172"
兴教村,1,"121.523295,31.573324"
许冯村,1,"121.576767,31.037672"
许家村,1,"121.224271,31.265536"
一灶村,1,"121.675226,31.052099"
营房村,1,"121.652522,31.553531"
永乐村,2,"121.406031,31.772644"
永联村,1,"121.442585,31.105501"
油桥村,1,"121.566716,31.552907"
远景村,4,"121.331192,31.401464"
长浜村,1,"121.227132,31.245947"
长明村,2,"121.736829,31.383463"
长兴村,1,"121.142293,30.800678"
致远村,1,"121.460721,31.219736"
左庄村,1,"121.539722,31.099254"
证大家园,1,"121.198304,31.051316"
政和路999弄,2,"121.515477,31.338990"
政悦路500弄,1,"121.523292,31.333313"
支家楼,3,
织锦村,1,
芷江中路,1,"121.472741,31.260317"
志丹路,1,"121.430038,31.266086"
中春路,1,"121.346192,31.141030"
中华路,1,"121.136739,31.358513"
中山北路,1,"121.421499,31.242485"
中山北路2627弄,1,"121.422204,31.244001"
中山南路200弄,2,"121.500479,31.222647"
中潭路100弄,1,"121.443888,31.252643"
中铁北城时代,2,"121.438373,31.390167"
中兴村,1,"121.763550,31.519707"
中艺花园,2,"121.498269,31.400774"
周家嘴路1220弄,1,"121.509980,31.262749"
周浦镇瑞浦路8弄,1,"121.585520,31.099095"
周姚宅,1,
朱桥村,1,"121.460721,31.219736"
诸陆西路,1,"121.246770,31.174121"
竹楼村,1,
竹巷街,1,"121.347800,31.413127"
竹艺路88弄,2,"121.443342,31.387578"
竹韵路258弄,2,"121.442805,31.367715"
颛桥宅,1,"121.386761,31.416093"
庄家泾,1,"121.306354,31.225155"
庄行镇街道三城路455弄,1,"121.387782,30.896988"
庄行政村,1,
紫叶路140弄,1,"121.552372,31.182831"
阿勒泰路,1,"87.560238,43.837977"
上海市嘉定区,1,"121.293855,31.380585"
安普路,1,"105.855999,26.270868"
崇明区,9,"121.397662,31.623863"
中冶钢构厂,1,"121.380991,31.388993"
宝华北岸,1,"121.404521,31.454637"
宝华小区,1,"121.404521,31.454637"
上海,7,"121.473667,31.230525"
聚原桥,1,"121.411772,31.423016"
盛桥路,1,"121.411772,31.423016"
中冶宝钢技术单宿,1,"121.430197,31.413198"
长兴镇,8,"121.693910,31.389392"